playerID,yearID,stint,teamID,lgID,G,AB,R,H,2B,3B,HR,RBI,SB,CS,BB,SO,IBB,HBP,SH,SF,GIDP
abadfe01,2017,1,BOS,AL,48,0,0,0,0,0,0,0,0,0,0,0,0,0,0,0,0
abreujo02,2017,1,CHA,AL,156,621,95,189,43,6,33,102,3,0,35,119,6,15,0,4,21
adamecr01,2017,1,COL,NL,12,13,1,0,0,0,0,0,0,0,1,6,0,0,0,0,0
adamsau02,2017,1,WAS,NL,6,0,0,0,0,0,0,0,0,0,0,0,0,0,0,0,0
adamsla01,2017,1,ATL,NL,85,109,19,30,4,1,5,20,10,0,10,37,0,1,1,1,3
adamsma01,2017,1,SLN,NL,31,48,4,14,2,0,1,7,0,0,4,17,0,0,0,1,0
adamsma01,2017,2,ATL,NL,100,291,42,79,20,1,19,58,0,0,19,71,5,1,0,3,5
adducji02,2017,1,DET,AL,29,83,14,20,6,2,1,10,1,1,10,27,0,0,0,0,1
adlemti01,2017,1,CIN,NL,30,29,0,3,1,0,0,2,0,0,0,10,0,0,3,0,0
adriaeh01,2017,1,MIN,AL,70,162,30,43,9,2,2,24,8,1,16,25,1,1,1,6,0
aguilje01,2017,1,MIL,NL,133,279,40,74,15,2,16,52,0,0,25,94,1,4,0,3,8
ahmedni01,2017,1,ARI,NL,53,167,24,42,8,1,6,21,3,4,10,39,3,1,0,0,6
alberan01,2017,1,SEA,AL,9,1,0,1,0,0,0,1,0,0,0,0,0,0,2,0,0
alberma01,2017,1,WAS,NL,63,0,0,0,0,0,0,0,0,0,0,0,0,0,0,0,0
albieoz01,2017,1,ATL,NL,57,217,34,62,9,5,6,28,8,1,21,36,0,3,1,2,3
albural01,2017,1,KCA,AL,11,0,0,0,0,0,0,0,0,0,0,0,0,0,0,0,0
albural01,2017,2,CHA,AL,10,0,0,0,0,0,0,0,0,0,0,0,0,0,0,0,0
alcanar01,2017,1,CIN,NL,70,105,13,18,3,1,1,7,2,0,2,38,0,0,1,0,2
alcanra01,2017,1,OAK,AL,8,0,0,0,0,0,0,0,0,0,0,0,0,0,0,0,0
alcansa01,2017,1,SLN,NL,8,0,0,0,0,0,0,0,0,0,0,0,0,0,0,0,0
alcanvi01,2017,1,DET,AL,6,0,0,0,0,0,0,0,0,0,0,0,0,0,0,0,0
alexasc01,2017,1,KCA,AL,58,3,0,0,0,0,0,0,0,0,0,1,0,0,0,0,0
alfarjo01,2017,1,PHI,NL,29,107,12,34,6,0,5,14,0,0,3,33,1,4,0,0,2
alforan01,2017,1,TOR,AL,4,8,0,1,1,0,0,0,0,0,0,3,0,0,0,0,0
allenco01,2017,1,CLE,AL,69,0,0,0,0,0,0,0,0,0,0,0,0,0,0,0,0
allengr01,2017,1,CLE,AL,25,35,7,8,1,0,1,6,1,0,2,8,0,1,0,1,0
almonab01,2017,1,CLE,AL,69,172,26,40,8,3,3,14,2,1,20,46,0,1,1,1,2
almonmi01,2017,1,KCA,AL,2,0,0,0,0,0,0,0,0,0,0,0,0,0,0,0,0
almoral01,2017,1,CHN,NL,132,299,39,89,18,1,8,46,1,0,19,53,1,0,3,2,8
alonsyo01,2017,1,OAK,AL,100,319,52,85,17,0,22,49,1,0,50,88,6,2,0,0,6
alonsyo01,2017,2,SEA,AL,42,132,20,35,5,0,6,18,1,0,18,30,0,0,0,0,3
altavda01,2017,1,SEA,AL,41,0,0,0,0,0,0,0,0,0,0,0,0,0,0,0,0
altheaa01,2017,1,PHI,NL,107,372,58,101,24,5,19,65,5,4,32,104,2,7,0,1,12
altuvjo01,2017,1,HOU,AL,153,590,112,204,39,4,24,81,32,6,58,84,3,9,1,4,19
alvarda01,2017,1,TEX,AL,20,0,0,0,0,0,0,0,0,0,0,0,0,0,0,0,0
alvarhe01,2017,1,PHI,NL,3,6,0,0,0,0,0,0,0,0,0,2,0,0,0,0,0
alvarjo02,2017,1,LAA,AL,64,0,0,0,0,0,0,0,0,0,0,0,0,0,0,0,0
alvarjo03,2017,1,TBA,AL,35,0,0,0,0,0,0,0,0,0,0,0,0,0,0,0,0
alvarpe01,2017,1,BAL,AL,14,32,4,10,1,0,1,4,0,0,2,10,0,0,0,0,0
amarial01,2017,1,COL,NL,96,168,22,40,10,0,3,19,1,0,7,38,0,0,1,0,5
anderbr04,2017,1,CHN,NL,6,7,0,1,0,0,0,1,0,0,1,3,0,0,0,0,0
anderbr04,2017,2,TOR,AL,7,0,0,0,0,0,0,0,0,0,0,0,0,0,0,0,0
anderbr06,2017,1,MIA,NL,25,84,11,22,7,1,0,8,0,0,10,28,0,0,0,1,1
anderch01,2017,1,MIL,NL,25,52,1,7,1,0,0,3,0,0,0,29,0,0,3,0,1
anderdr02,2017,1,PHI,NL,2,0,0,0,0,0,0,0,0,0,0,0,0,0,0,0,0
anderti01,2017,1,CHA,AL,146,587,72,151,26,4,17,56,15,1,13,162,0,3,2,1,13
anderty01,2017,1,COL,NL,17,26,1,1,0,0,0,0,0,0,1,17,0,0,6,0,1
andrima01,2017,1,TBA,AL,18,0,0,0,0,0,0,0,0,0,0,0,0,0,0,0,0
andruel01,2017,1,TEX,AL,158,643,100,191,44,4,20,88,25,10,38,101,0,3,1,4,18
andujmi01,2017,1,NYA,AL,5,7,0,4,2,0,0,4,1,0,1,0,0,0,0,0,0
aokino01,2017,1,HOU,AL,71,202,28,55,12,1,2,19,5,2,15,29,1,2,1,4,11
aokino01,2017,2,TOR,AL,12,32,4,9,1,0,3,8,0,0,1,5,0,0,0,1,0
aokino01,2017,3,NYN,NL,27,102,16,29,7,1,0,8,5,0,13,10,0,1,0,0,1
aquinja01,2017,1,BAL,AL,4,2,0,0,0,0,0,0,0,0,0,2,0,0,0,0,0
aranovi01,2017,1,PHI,NL,10,0,0,0,0,0,0,0,0,0,0,0,0,0,0,0,0
archech01,2017,1,TBA,AL,34,8,1,2,0,0,0,1,0,0,0,3,0,0,0,0,1
arciaor01,2017,1,MIL,NL,153,506,56,140,17,2,15,53,14,7,36,100,9,1,2,3,10
arenano01,2017,1,COL,NL,159,606,100,187,43,7,37,130,3,2,62,106,9,4,1,6,21
armstsh01,2017,1,CLE,AL,21,0,0,0,0,0,0,0,0,0,0,0,0,0,0,0,0
arrieja01,2017,1,CHN,NL,32,61,2,8,0,1,1,5,0,0,1,32,0,0,2,0,0
arroybr01,2017,1,CIN,NL,15,26,0,4,0,0,0,0,0,0,0,10,0,0,3,0,0
arroych01,2017,1,SFN,NL,34,125,9,24,5,0,3,14,1,2,8,32,1,1,0,1,4
ascheco01,2017,1,CHA,AL,19,57,5,6,1,0,1,4,0,0,3,21,1,2,0,0,1
asheral01,2017,1,BAL,AL,24,1,0,0,0,0,0,0,0,0,0,0,0,0,0,0,0
astinba01,2017,1,CIN,NL,6,1,0,0,0,0,0,0,0,0,0,1,0,0,0,0,0
asuajca01,2017,1,SDN,NL,89,307,28,83,14,1,4,21,0,1,28,76,0,2,5,1,6
austity01,2017,1,NYA,AL,20,40,4,9,2,0,2,8,0,0,4,17,0,0,0,2,1
avilaal01,2017,1,DET,AL,77,219,30,60,11,0,11,32,0,1,43,80,2,1,0,1,6
avilaal01,2017,2,CHN,NL,35,92,11,22,2,1,3,17,0,0,19,40,0,0,1,0,4
avilalu01,2017,1,LAN,NL,61,2,0,0,0,0,0,0,0,0,0,1,0,0,0,0,0
avilemi01,2017,1,MIA,NL,37,86,5,20,2,0,1,8,0,0,6,15,2,2,3,0,3
axforjo01,2017,1,OAK,AL,22,0,0,0,0,0,0,0,0,0,0,0,0,0,0,0,0
aybarer01,2017,1,SDN,NL,108,333,37,78,15,1,7,22,11,4,28,57,2,4,3,2,5
baderha01,2017,1,SLN,NL,32,85,10,20,3,0,3,10,2,1,5,24,1,1,0,1,1
baezja01,2017,1,CHN,NL,145,469,75,128,24,2,23,75,10,3,30,144,15,1,6,2,10
baezpe01,2017,1,LAN,NL,66,1,0,0,0,0,0,1,0,0,1,1,0,0,0,0,0
bailean01,2017,1,LAA,AL,4,0,0,0,0,0,0,0,0,0,0,0,0,0,0,0,0
baileho02,2017,1,CIN,NL,18,28,4,7,2,0,0,0,0,0,0,11,0,0,7,0,0
bandaan01,2017,1,ARI,NL,8,5,0,0,0,0,0,0,0,0,0,3,0,0,1,0,0
bandyje01,2017,1,MIL,NL,60,169,14,35,6,0,6,18,1,0,15,51,0,4,0,0,5
barbajo01,2017,1,PIT,NL,24,1,0,0,0,0,0,0,0,0,0,0,0,0,0,0,0
barneau01,2017,1,LAN,NL,102,218,35,63,15,2,8,38,4,1,39,43,1,5,0,0,6
barneda01,2017,1,TOR,AL,129,336,34,78,14,0,6,25,7,2,18,64,0,2,5,1,13
barneda02,2017,1,TOR,AL,60,0,0,0,0,0,0,0,0,0,0,0,0,0,0,0,0
barneja01,2017,1,MIL,NL,73,0,0,0,0,0,0,0,0,0,1,0,0,0,0,0,0
barnema01,2017,1,BOS,AL,70,0,0,0,0,0,0,0,0,0,0,0,0,0,0,0,0
barneto01,2017,1,TEX,AL,50,0,0,0,0,0,0,0,0,0,0,0,0,0,0,0,0
barnhtu01,2017,1,CIN,NL,121,370,26,100,24,2,7,44,4,0,42,68,11,3,5,3,12
barraky01,2017,1,MIA,NL,66,1,0,0,0,0,0,0,0,0,0,1,0,0,0,0,0
barrefr02,2017,1,OAK,AL,25,71,10,14,1,2,2,6,2,0,5,33,0,0,0,0,1
barreja01,2017,1,ARI,NL,28,0,0,0,0,0,0,0,0,0,0,0,0,0,0,0,0
bassan01,2017,1,TEX,AL,2,0,0,0,0,0,0,0,0,0,0,0,0,0,0,0,0
bastaan01,2017,1,PIT,NL,9,0,0,0,0,0,0,0,0,0,1,0,0,0,0,0,0
bauertr01,2017,1,CLE,AL,32,3,0,0,0,0,0,0,0,0,0,1,0,0,0,0,0
baumabu01,2017,1,SDN,NL,23,0,0,0,0,0,0,0,0,0,0,0,0,0,0,0,0
bautijo02,2017,1,TOR,AL,157,587,92,119,27,0,23,65,6,3,84,170,3,8,0,7,16
bautira01,2017,1,WAS,NL,17,25,2,4,0,0,0,0,0,0,2,5,0,0,0,0,1
beatope01,2017,1,PHI,NL,1,0,0,0,0,0,0,0,0,0,0,0,0,0,0,0,0
beckch02,2017,1,CHA,AL,57,0,0,0,0,0,0,0,0,0,0,0,0,0,0,0,0
beckhgo01,2017,1,SEA,AL,11,17,2,3,0,0,0,0,1,0,1,2,0,0,0,0,2
beckhti01,2017,1,TBA,AL,87,317,31,82,5,3,12,36,5,4,24,110,0,2,1,1,8
beckhti01,2017,2,BAL,AL,50,216,36,66,13,2,10,26,1,1,12,57,0,2,0,0,2
bedroca01,2017,1,LAA,AL,48,0,0,0,0,0,0,0,0,0,0,0,0,0,0,0,0
belisma01,2017,1,MIN,AL,62,0,0,0,0,0,0,0,0,0,0,0,0,0,0,0,0
belivje01,2017,1,TOR,AL,19,0,0,0,0,0,0,0,0,0,0,0,0,0,0,0,0
bellch02,2017,1,DET,AL,28,0,0,0,0,0,0,0,0,0,0,0,0,0,0,0,0
bellico01,2017,1,LAN,NL,132,480,87,128,26,4,39,97,10,3,64,146,13,1,0,3,5
belljo02,2017,1,PIT,NL,159,549,75,140,26,6,26,90,2,4,66,117,4,1,0,4,15
beltbr01,2017,1,SFN,NL,104,382,63,92,27,3,18,51,3,2,66,104,2,2,0,1,5
beltrad01,2017,1,TEX,AL,94,340,47,106,22,1,17,71,1,0,39,52,2,4,0,6,7
beltrca01,2017,1,HOU,AL,129,467,60,108,29,0,14,51,0,0,33,102,3,3,0,6,9
beninan01,2017,1,BOS,AL,151,573,84,155,26,1,20,90,20,5,70,112,7,6,1,8,16
benoijo01,2017,1,PHI,NL,44,0,0,0,0,0,0,0,0,0,0,0,0,0,0,0,0
benoijo01,2017,2,PIT,NL,8,0,0,0,0,0,0,0,0,0,0,0,0,0,0,0,0
bergmch01,2017,1,SEA,AL,13,1,0,0,0,0,0,0,0,0,0,0,0,0,0,0,0
berrijo01,2017,1,MIN,AL,26,5,0,1,0,0,0,0,0,0,0,2,0,0,0,0,0
berryqu01,2017,1,MIL,NL,7,3,0,0,0,0,0,0,2,1,0,2,0,0,0,0,0
betande01,2017,1,NYA,AL,66,0,0,0,0,0,0,0,0,0,0,0,0,0,0,0,0
bethach01,2017,1,SDN,NL,8,7,0,1,0,0,0,0,0,0,0,3,0,0,0,0,0
bettich01,2017,1,COL,NL,9,11,1,1,0,0,0,1,0,0,1,6,0,0,3,0,0
bettsmo01,2017,1,BOS,AL,153,628,101,166,46,2,24,102,26,3,77,79,9,2,0,5,9
biagijo01,2017,1,TOR,AL,44,2,0,0,0,0,0,1,0,0,0,0,0,0,1,0,0
bibenau01,2017,1,TEX,AL,24,3,0,0,0,0,0,0,0,0,0,3,0,0,0,0,0
birdgr01,2017,1,NYA,AL,48,147,20,28,7,0,9,28,0,0,19,42,0,2,0,2,2
blachty01,2017,1,SFN,NL,38,44,5,10,2,0,1,7,0,0,4,21,0,0,4,1,1
blackch02,2017,1,COL,NL,159,644,137,213,35,14,37,104,14,10,65,135,9,10,3,3,4
blackpa01,2017,1,OAK,AL,10,3,0,0,0,0,0,0,0,0,0,2,0,0,0,0,0
blairaa01,2017,1,ATL,NL,1,1,0,1,0,0,0,0,0,0,1,0,0,0,0,0,0
blancan01,2017,1,PHI,NL,80,130,10,25,4,0,3,13,1,0,12,34,0,0,0,2,1
blancgr01,2017,1,ARI,NL,90,224,43,55,10,3,3,13,15,1,31,59,0,0,1,0,2
blantjo01,2017,1,WAS,NL,51,0,0,0,0,0,0,0,0,0,1,0,0,0,0,0,0
blashja01,2017,1,SDN,NL,61,164,24,35,6,0,5,16,1,2,28,66,0,2,0,1,5
blazemi01,2017,1,MIL,NL,5,2,0,0,0,0,0,0,0,0,0,1,0,0,0,0,1
bleieri01,2017,1,BAL,AL,57,0,0,0,0,0,0,0,0,0,0,0,0,0,0,0,0
blevije01,2017,1,NYN,NL,75,0,0,0,0,0,0,0,0,0,0,0,0,0,0,0,0
bogaexa01,2017,1,BOS,AL,148,571,94,156,32,6,10,62,15,1,56,116,6,6,0,2,17
bolsimi01,2017,1,TOR,AL,11,0,0,0,0,0,0,0,0,0,0,0,0,0,0,0,0
bonifem01,2017,1,ATL,NL,38,38,2,5,1,1,0,3,0,0,1,9,0,0,4,1,1
bonifjo01,2017,1,KCA,AL,113,384,55,98,15,1,17,40,1,1,35,118,0,2,0,1,8
bonilli01,2017,1,CIN,NL,10,6,0,1,0,0,0,0,0,0,1,3,0,1,0,0,0
bormajo01,2017,1,PIT,NL,1,1,0,0,0,0,0,0,0,0,0,1,0,0,0,0,0
boshebu01,2017,1,MIN,AL,38,0,0,0,0,0,0,0,0,0,0,0,0,0,0,0,0
bostich01,2017,1,PIT,NL,20,27,6,8,2,0,0,1,0,1,4,9,0,1,0,0,0
bourjpe01,2017,1,TBA,AL,100,188,27,42,9,3,5,15,5,4,12,53,0,1,1,1,2
bourju01,2017,1,MIA,NL,108,377,52,109,18,0,25,83,1,0,47,95,7,1,0,4,10
bowmama01,2017,1,SLN,NL,76,0,0,0,0,0,0,0,0,0,0,0,0,0,1,0,0
boxbebr01,2017,1,TBA,AL,30,0,0,0,0,0,0,0,0,0,0,0,0,0,0,0,0
boydma01,2017,1,DET,AL,26,3,0,1,0,0,0,0,0,0,0,0,0,0,0,0,0
boyerbl01,2017,1,BOS,AL,32,0,0,0,0,0,0,0,0,0,0,0,0,0,0,0,0
brachbr01,2017,1,BAL,AL,67,0,0,0,0,0,0,0,0,0,0,0,0,0,0,0,0
brachsi01,2017,1,ARI,NL,21,0,0,0,0,0,0,0,0,0,0,0,0,0,0,0,0
bradfch02,2017,1,NYN,NL,28,1,0,0,0,0,0,0,0,0,0,1,0,0,0,0,0
bradlar01,2017,1,ARI,NL,63,4,0,1,0,0,0,1,0,0,0,2,0,0,0,0,0
bradlja02,2017,1,BOS,AL,133,482,58,118,19,3,17,63,8,3,48,124,4,9,0,2,8
bradymi01,2017,1,OAK,AL,16,0,0,0,0,0,0,0,0,0,0,0,0,0,0,0,0
brantmi02,2017,1,CLE,AL,90,338,47,101,20,1,9,52,11,1,31,50,3,2,0,4,8
brantro01,2017,1,CHA,AL,14,31,4,9,1,0,2,5,0,0,3,14,0,2,0,0,0
braulst01,2017,1,PIT,NL,12,13,2,3,1,0,0,2,0,0,0,0,0,0,0,0,0
braunry02,2017,1,MIL,NL,104,380,58,102,28,2,17,52,12,4,38,76,2,3,0,4,15
brebbjo01,2017,1,SLN,NL,50,1,0,0,0,0,0,0,0,0,0,0,0,0,0,0,0
bregmal01,2017,1,HOU,AL,155,556,88,158,39,5,19,71,17,5,55,97,2,7,1,7,15
breslcr01,2017,1,MIN,AL,30,0,0,0,0,0,0,0,0,0,0,0,0,0,0,0,0
breslcr01,2017,2,CLE,AL,7,0,0,0,0,0,0,0,0,0,0,0,0,0,0,0,0
briceau01,2017,1,CIN,NL,22,4,0,0,0,0,0,0,0,0,0,2,0,0,0,0,0
bridwpa01,2017,1,LAA,AL,21,0,0,0,0,0,0,0,0,0,0,0,0,0,0,0,0
brinsle01,2017,1,MIL,NL,21,47,2,5,0,1,2,3,1,0,7,17,1,1,0,0,0
brittza01,2017,1,BAL,AL,38,0,0,0,0,0,0,0,0,0,0,0,0,0,0,0,0
brothre01,2017,1,ATL,NL,27,0,0,0,0,0,0,0,0,0,0,0,0,0,0,0,0
broxtjo01,2017,1,SLN,NL,20,0,0,0,0,0,0,0,0,0,0,0,0,0,0,0,0
broxtke01,2017,1,MIL,NL,143,414,66,91,15,4,20,49,21,7,40,175,1,7,1,1,3
bruceja01,2017,1,NYN,NL,103,406,61,104,20,0,29,75,0,1,39,102,0,1,0,2,9
bruceja01,2017,2,CLE,AL,43,149,21,37,9,2,7,26,1,0,18,37,0,1,0,1,2
brugmja01,2017,1,OAK,AL,48,143,12,38,2,0,3,12,1,2,18,38,1,0,0,1,1
bryankr01,2017,1,CHN,NL,151,549,111,162,38,4,29,73,7,5,95,128,5,15,0,6,8
buchaja01,2017,1,CIN,NL,5,2,1,1,0,0,0,1,0,0,1,1,0,0,0,0,0
buchhcl01,2017,1,PHI,NL,2,2,0,0,0,0,0,0,0,0,0,2,0,0,0,0,0
buchtry01,2017,1,SDN,NL,42,0,0,0,0,0,0,0,0,0,0,0,0,0,0,0,0
buchtry01,2017,2,KCA,AL,29,0,0,0,0,0,0,0,0,0,0,0,0,0,0,0,0
buehlwa01,2017,1,LAN,NL,8,0,0,0,0,0,0,0,0,0,0,0,0,0,0,0,0
bumgama01,2017,1,SFN,NL,17,34,4,7,0,0,3,5,0,0,2,11,0,0,0,0,1
bummeaa01,2017,1,CHA,AL,30,0,0,0,0,0,0,0,0,0,0,0,0,0,0,0,0
bundydy01,2017,1,BAL,AL,28,0,0,0,0,0,0,0,0,0,0,0,0,0,0,0,0
burnsbi02,2017,1,KCA,AL,7,6,1,1,0,0,0,0,0,1,0,1,0,0,0,0,0
busenal01,2017,1,MIN,AL,28,0,0,0,0,0,0,0,0,0,0,0,0,0,0,0,0
bushma01,2017,1,TEX,AL,57,0,0,0,0,0,0,0,0,0,0,0,0,0,0,0,0
buterdr01,2017,1,KCA,AL,75,163,18,37,4,1,3,14,0,0,12,41,0,1,1,0,0
butleed01,2017,1,CHN,NL,13,15,0,1,0,0,0,0,0,0,1,6,0,0,3,0,0
buxtoby01,2017,1,MIN,AL,140,462,69,117,14,6,16,51,29,1,38,150,2,4,5,2,1
cabreas01,2017,1,NYN,NL,135,479,66,134,32,0,14,59,3,2,50,83,1,5,1,5,19
cabreme01,2017,1,CHA,AL,98,397,54,117,17,0,13,56,0,0,25,52,1,1,2,3,7
cabreme01,2017,2,KCA,AL,58,223,24,60,13,2,4,29,1,2,11,22,0,1,0,3,12
cabremi01,2017,1,DET,AL,130,469,50,117,22,0,16,60,0,1,54,110,6,3,0,3,15
cahiltr01,2017,1,SDN,NL,11,13,1,4,1,0,0,2,0,0,1,3,0,0,3,0,0
cahiltr01,2017,2,KCA,AL,10,1,0,0,0,0,0,0,0,0,0,1,0,0,0,0,0
cainlo01,2017,1,KCA,AL,155,584,86,175,27,5,15,49,26,2,54,100,1,5,0,2,20
cainma01,2017,1,SFN,NL,27,32,1,5,2,0,0,2,0,0,0,20,0,0,2,0,0
calhoko01,2017,1,LAA,AL,155,569,77,139,23,2,19,71,5,1,71,134,4,8,0,6,10
calhowi01,2017,1,TEX,AL,13,34,3,9,0,0,1,4,0,0,2,7,0,1,0,0,0
calixor01,2017,1,SFN,NL,29,49,5,7,1,0,0,6,1,0,3,16,0,0,1,2,1
callaja01,2017,1,NYN,NL,9,0,0,0,0,0,0,0,0,0,0,0,0,0,0,0,0
camarjo01,2017,1,ATL,NL,82,241,30,72,21,2,4,27,0,0,12,51,2,0,2,1,5
campole01,2017,1,TOR,AL,13,0,0,0,0,0,0,0,0,0,0,0,0,0,0,0,0
candeje01,2017,1,CHN,NL,11,33,2,5,2,0,1,3,0,0,1,12,0,2,0,0,1
candeje01,2017,2,DET,AL,27,94,16,31,7,0,2,13,0,0,12,18,0,0,0,0,2
canhama01,2017,1,OAK,AL,57,173,16,36,13,1,5,14,2,0,7,56,0,6,0,1,5
canoro01,2017,1,SEA,AL,150,592,79,166,33,0,23,97,1,0,49,85,8,4,0,3,18
cappsca01,2017,1,SDN,NL,11,0,0,0,0,0,0,0,0,0,0,0,0,0,0,0,0
caratvi01,2017,1,CHN,NL,31,59,6,15,3,0,1,2,0,0,4,13,1,3,0,0,3
cardust01,2017,1,COL,NL,15,28,2,4,0,0,0,3,0,0,3,7,0,1,0,0,0
carlesh01,2017,1,COL,NL,3,0,0,0,0,0,0,0,0,0,0,0,0,0,0,0,0
carpema01,2017,1,SLN,NL,145,497,91,120,31,2,23,69,2,1,109,125,4,9,2,5,5
carraca01,2017,1,CLE,AL,32,4,1,0,0,0,0,0,0,0,1,1,0,0,0,0,0
carreez01,2017,1,TOR,AL,131,287,38,81,10,1,8,20,10,1,30,75,0,3,5,0,4
cartech02,2017,1,NYA,AL,62,184,20,37,5,1,8,26,0,0,20,76,0,2,0,2,5
casalcu01,2017,1,TBA,AL,9,9,2,3,0,0,1,3,0,0,3,3,0,0,0,1,0
cashnan01,2017,1,TEX,AL,28,5,0,1,0,0,0,1,0,0,0,2,0,0,1,1,0
casteni01,2017,1,DET,AL,157,614,73,167,36,10,26,101,4,5,41,142,0,5,0,5,12
castifa01,2017,1,LAN,NL,2,0,0,0,0,0,0,0,0,0,0,0,0,0,0,0,0
castilu02,2017,1,CIN,NL,15,29,0,2,0,0,0,1,0,0,1,11,0,0,3,0,0
castiwe01,2017,1,BAL,AL,96,341,44,96,11,0,20,53,0,0,22,97,0,0,0,2,10
castrja01,2017,1,MIN,AL,110,356,49,86,22,0,10,47,0,0,45,108,1,4,1,1,10
castrmi01,2017,1,BAL,AL,39,0,0,0,0,0,0,0,0,0,0,0,0,0,0,0,0
castrsi01,2017,1,OAK,AL,26,0,0,0,0,0,0,0,0,0,0,0,0,0,0,0,0
castrst01,2017,1,NYA,AL,112,443,66,133,18,1,16,63,2,0,23,93,1,4,0,3,9
cecchga02,2017,1,NYN,NL,32,77,4,16,2,0,1,7,0,1,4,19,1,1,0,0,3
cecilbr01,2017,1,SLN,NL,73,1,0,0,0,0,0,0,0,0,0,0,0,0,0,0,0
cecilda01,2017,1,TOR,AL,3,5,2,2,1,0,1,3,0,0,0,0,0,0,0,0,0
cedenxa01,2017,1,TBA,AL,9,0,0,0,0,0,0,0,0,0,0,0,0,0,0,0,0
centeju01,2017,1,HOU,AL,22,52,5,12,0,0,2,4,0,0,4,12,1,0,1,0,2
cervefr01,2017,1,PIT,NL,81,265,31,66,13,2,5,31,0,2,32,65,0,6,0,1,7
cervehu01,2017,1,MIA,NL,5,0,0,0,0,0,0,0,0,0,0,0,0,0,0,0,0
cespeyo01,2017,1,NYN,NL,81,291,46,85,17,2,17,42,0,1,26,61,5,2,0,2,7
cessalu01,2017,1,NYA,AL,10,0,0,0,0,0,0,0,0,0,0,0,0,0,0,0,0
chacial01,2017,1,CIN,NL,6,0,0,0,0,0,0,0,0,0,0,0,0,0,0,0,0
chacijh01,2017,1,SDN,NL,34,54,0,12,2,0,0,4,1,0,0,11,0,0,7,0,2
chafian01,2017,1,ARI,NL,71,0,0,0,0,0,0,0,0,0,0,0,0,0,0,0,0
chapmar01,2017,1,NYA,AL,52,0,0,0,0,0,0,0,0,0,0,0,0,0,0,0,0
chapmma01,2017,1,OAK,AL,84,290,39,68,23,2,14,40,0,3,32,92,0,2,0,2,2
chatwty01,2017,1,COL,NL,35,39,5,6,1,0,0,2,0,0,1,9,0,0,7,0,0
chaveje01,2017,1,LAA,AL,38,5,0,0,0,0,0,0,0,0,0,5,0,0,1,0,0
chenwe02,2017,1,MIA,NL,9,8,0,1,0,0,0,0,0,0,0,3,0,0,0,0,0
chiriro01,2017,1,TEX,AL,88,263,46,67,13,1,17,38,1,0,34,79,0,10,1,1,5
chiselo01,2017,1,CLE,AL,82,236,34,68,17,1,12,53,2,2,25,55,2,3,3,3,6
choiji01,2017,1,NYA,AL,6,15,2,4,1,0,2,5,0,0,2,5,0,0,0,1,1
choosh01,2017,1,TEX,AL,149,544,96,142,20,1,22,78,12,3,77,134,1,7,3,5,18
cingrto01,2017,1,CIN,NL,25,0,0,0,0,0,0,0,0,0,0,0,0,0,0,0,0
cingrto01,2017,2,LAN,NL,22,0,0,0,0,0,0,0,0,0,0,0,0,0,0,0,0
cishest01,2017,1,SEA,AL,23,0,0,0,0,0,0,0,0,0,0,0,0,0,0,0,0
cishest01,2017,2,TBA,AL,26,0,0,0,0,0,0,0,0,0,0,0,0,0,0,0,0
claibpr01,2017,1,TEX,AL,1,0,0,0,0,0,0,0,0,0,0,0,0,0,0,0,0
claudal01,2017,1,TEX,AL,70,0,0,0,0,0,0,0,0,0,0,0,0,0,0,0,0
clevimi01,2017,1,CLE,AL,27,2,0,0,0,0,0,0,0,0,0,1,0,0,1,0,0
clippty01,2017,1,NYA,AL,40,0,0,0,0,0,0,0,0,0,0,0,0,0,0,0,0
clippty01,2017,2,CHA,AL,11,0,0,0,0,0,0,0,0,0,0,0,0,0,0,0,0
clippty01,2017,3,HOU,AL,16,0,0,0,0,0,0,0,0,0,0,0,0,0,0,0,0
cloydty01,2017,1,SEA,AL,1,0,0,0,0,0,0,0,0,0,0,0,0,0,0,0,0
cobbal01,2017,1,TBA,AL,29,6,0,0,0,0,0,0,0,0,0,4,0,0,0,0,0
coghlch01,2017,1,TOR,AL,36,75,7,15,2,0,1,5,0,0,9,22,0,2,1,1,2
coleaj01,2017,1,WAS,NL,11,14,0,2,0,0,0,0,0,0,2,5,0,0,0,0,0
colege01,2017,1,PIT,NL,34,55,3,9,1,0,1,3,0,0,1,21,0,0,12,0,1
colemdu01,2017,1,SDN,NL,27,66,6,15,3,0,4,9,1,0,2,33,0,2,0,1,1
coleta01,2017,1,TOR,AL,1,0,0,0,0,0,0,0,0,0,0,0,0,0,0,0,0
collity01,2017,1,DET,AL,49,150,18,29,4,1,5,14,0,4,18,55,0,0,0,1,2
collmjo01,2017,1,ATL,NL,11,0,0,0,0,0,0,0,0,0,0,0,0,0,0,0,0
colomal01,2017,1,TBA,AL,65,0,0,0,0,0,0,0,0,0,0,0,0,0,0,0,0
colonba01,2017,1,ATL,NL,13,15,1,0,0,0,0,0,0,0,0,8,0,0,0,0,1
colonba01,2017,2,MIN,AL,15,4,0,0,0,0,0,0,0,0,0,2,0,0,1,0,0
colonch01,2017,1,KCA,AL,7,17,1,3,0,0,0,0,0,0,1,3,0,0,1,0,2
colonch01,2017,2,MIA,NL,17,33,3,5,1,0,0,0,0,0,4,7,1,0,1,0,2
confomi01,2017,1,NYN,NL,109,373,72,104,20,1,27,68,2,0,57,113,5,8,0,2,3
conlead01,2017,1,MIA,NL,22,24,3,3,0,0,0,0,0,0,2,14,0,0,6,0,0
contrwi01,2017,1,CHN,NL,117,377,50,104,21,0,21,74,5,4,45,98,2,3,1,2,13
coopega03,2017,1,NYA,AL,13,43,3,14,5,1,0,6,0,0,1,12,0,0,0,1,0
corbipa01,2017,1,ARI,NL,35,56,6,7,0,1,0,0,0,0,6,28,0,0,8,0,0
cordefr02,2017,1,SDN,NL,30,92,15,21,3,3,3,9,1,1,6,44,0,0,1,0,0
cordoal01,2017,1,SDN,NL,100,202,17,42,2,2,4,15,2,2,18,54,1,4,0,3,2
correca01,2017,1,HOU,AL,109,422,82,133,25,1,24,84,2,1,53,92,5,2,0,4,12
cosarja01,2017,1,SDN,NL,7,4,0,0,0,0,0,0,0,0,0,2,0,0,2,0,0
cottojh01,2017,1,OAK,AL,24,2,0,0,0,0,0,0,0,0,0,1,0,0,0,0,0
couloda01,2017,1,OAK,AL,72,0,0,0,0,0,0,0,0,0,0,0,0,0,0,0,0
coveydy01,2017,1,CHA,AL,18,1,0,0,0,0,0,0,0,0,0,1,0,0,0,0,0
cowarka01,2017,1,LAA,AL,50,102,18,23,5,1,3,11,4,2,10,28,1,3,2,0,4
cozarza01,2017,1,CIN,NL,122,438,80,130,24,7,24,63,3,0,62,78,0,3,0,4,5
crawfbr01,2017,1,SFN,NL,144,518,58,131,34,1,14,77,3,5,42,113,3,1,0,9,18
crawfjp01,2017,1,PHI,NL,23,70,8,15,4,1,0,6,1,0,16,22,0,0,0,1,1
crichst01,2017,1,BAL,AL,8,0,0,0,0,0,0,0,0,0,0,0,0,0,0,0,0
crickky01,2017,1,SFN,NL,30,0,0,0,0,0,0,0,0,0,0,0,0,0,0,0,0
crockky01,2017,1,CLE,AL,4,0,0,0,0,0,0,0,0,0,0,0,0,0,0,0,0
croncj01,2017,1,LAA,AL,100,339,39,84,14,1,16,56,3,2,22,96,0,7,0,3,5
cruzne02,2017,1,SEA,AL,155,556,91,160,28,0,39,119,1,1,70,140,7,12,0,7,15
cuetojo01,2017,1,SFN,NL,25,46,3,4,0,0,0,3,0,0,1,15,0,0,4,1,0
cuevawi01,2017,1,DET,AL,1,0,0,0,0,0,0,0,0,0,0,0,0,0,0,0,0
culbech01,2017,1,LAN,NL,15,13,0,2,1,0,0,1,0,0,2,4,0,0,0,0,2
curtijo02,2017,1,MIN,AL,9,0,0,0,0,0,0,0,0,0,0,0,0,0,0,0,0
curtiza01,2017,1,SEA,AL,3,0,0,0,0,0,0,0,0,0,0,0,0,0,0,0,0
curtiza01,2017,2,PHI,NL,3,0,0,0,0,0,0,0,0,0,0,0,0,0,0,0,0
cuthbch01,2017,1,KCA,AL,58,143,10,33,7,0,2,18,0,0,9,39,0,0,0,1,2
danisty01,2017,1,CHA,AL,1,0,0,0,0,0,0,0,0,0,0,0,0,0,0,0,0
darnach01,2017,1,ATL,NL,11,8,5,3,0,0,0,0,0,0,2,3,0,0,0,0,0
darnach01,2017,2,BOS,AL,2,1,2,1,0,0,0,0,0,0,0,0,0,0,0,0,0
darnach01,2017,3,SDN,NL,22,49,5,7,2,0,1,3,5,1,2,17,1,0,0,0,0
darnatr01,2017,1,NYN,NL,112,348,39,85,19,1,16,57,0,0,23,59,3,2,0,3,12
darviyu01,2017,1,TEX,AL,22,0,0,0,0,0,0,0,0,0,0,0,0,0,0,0,0
darviyu01,2017,2,LAN,NL,9,17,0,1,0,0,0,0,0,0,1,14,0,0,2,0,0
davidma02,2017,1,CHA,AL,118,414,43,91,16,1,26,68,0,1,19,165,0,5,0,5,12
davieza01,2017,1,MIL,NL,33,48,7,6,2,0,0,3,0,0,7,15,0,0,14,0,1
davisch02,2017,1,BAL,AL,128,456,65,98,15,1,26,61,1,1,61,195,4,3,0,4,7
davisjd01,2017,1,HOU,AL,25,62,8,14,4,0,4,7,1,1,4,20,0,1,0,1,3
daviskh01,2017,1,OAK,AL,153,566,91,140,28,1,43,110,4,0,73,195,1,6,0,7,20
davisra01,2017,1,OAK,AL,100,300,49,70,17,2,5,18,26,6,26,70,1,0,1,1,10
davisra01,2017,2,BOS,AL,17,36,7,9,2,0,0,2,3,1,1,13,0,1,0,0,2
davisro03,2017,1,CIN,NL,7,6,0,1,1,0,0,0,0,0,0,5,0,1,1,0,0
davista01,2017,1,CHN,NL,8,13,1,3,1,0,0,1,0,0,0,4,0,0,0,0,0
daviswa01,2017,1,CHN,NL,59,0,0,0,0,0,0,0,0,0,0,0,0,0,0,0,0
daytogr01,2017,1,LAN,NL,29,0,0,0,0,0,0,0,0,0,0,0,0,0,0,0,0
deazaal01,2017,1,WAS,NL,28,62,8,12,2,3,0,9,1,0,3,16,1,0,3,2,1
deckeja01,2017,1,OAK,AL,17,50,4,10,1,1,0,1,1,1,8,17,0,1,3,0,1
degroja01,2017,1,NYN,NL,37,71,6,15,1,0,1,4,1,0,2,22,0,0,4,0,0
dejonch01,2017,1,SEA,AL,7,0,0,0,0,0,0,0,0,0,0,0,0,0,0,0,0
dejonpa01,2017,1,SLN,NL,108,417,55,119,26,1,25,65,1,0,21,124,1,4,0,1,8
delarjo01,2017,1,ARI,NL,66,0,1,0,0,0,0,0,0,0,0,0,0,0,2,0,0
delarru01,2017,1,ARI,NL,9,0,0,0,0,0,0,0,0,0,0,0,0,0,0,0,0
deleojo03,2017,1,TBA,AL,1,0,0,0,0,0,0,0,0,0,0,0,0,0,0,0,0
delgara01,2017,1,ARI,NL,26,8,0,0,0,0,0,0,0,0,0,3,0,0,1,0,0
delmoni01,2017,1,CHA,AL,43,141,25,37,4,0,9,23,2,0,23,31,0,2,0,0,5
dendema01,2017,1,DET,AL,4,7,1,1,0,0,0,0,0,0,1,4,0,0,0,0,0
dermoma01,2017,1,TOR,AL,23,0,0,0,0,0,0,0,0,0,0,0,0,0,0,0,0
descada01,2017,1,ARI,NL,131,344,47,80,16,5,10,51,4,0,48,89,0,4,0,2,6
deshide02,2017,1,TEX,AL,120,376,75,101,15,2,6,22,29,8,44,109,0,3,13,4,2
desmoia01,2017,1,COL,NL,95,339,47,93,11,1,7,40,15,4,24,87,1,4,2,4,13
despaod01,2017,1,MIA,NL,18,19,0,2,0,0,0,1,0,0,0,5,0,0,1,0,0
devench02,2017,1,HOU,AL,62,1,0,0,0,0,0,0,0,0,0,1,0,0,0,0,0
deverra01,2017,1,BOS,AL,58,222,34,63,14,0,10,30,3,1,18,57,3,0,0,0,5
diazal02,2017,1,SLN,NL,79,286,31,74,17,0,7,20,4,1,13,42,1,0,1,1,9
diazda01,2017,1,HOU,AL,10,0,0,0,0,0,0,0,0,0,0,0,0,0,0,0,0
diazed04,2017,1,SEA,AL,66,1,0,0,0,0,0,0,0,0,0,1,0,0,0,0,0
diazel01,2017,1,PIT,NL,64,188,18,42,14,0,1,19,1,0,11,38,0,0,0,1,8
diazja01,2017,1,COL,NL,4,0,0,0,0,0,0,0,0,0,0,0,0,0,0,0,0
diazju03,2017,1,TBA,AL,31,0,0,0,0,0,0,0,0,0,0,0,0,0,0,0,0
diazmi02,2017,1,SDN,NL,31,3,0,0,0,0,0,0,0,0,0,0,0,0,1,0,0
diazya01,2017,1,CLE,AL,49,156,25,41,8,1,0,13,2,0,21,35,0,1,0,1,5
dickeco01,2017,1,TBA,AL,150,588,84,166,33,4,27,62,4,3,35,152,6,3,0,2,11
dickera01,2017,1,ATL,NL,31,61,0,9,0,0,0,5,0,0,0,12,0,0,7,0,0
dicksok01,2017,1,LAN,NL,7,7,0,1,0,0,0,0,0,0,2,2,1,0,0,0,0
diekmja01,2017,1,TEX,AL,11,0,0,0,0,0,0,0,0,0,0,0,0,0,0,0,0
dietrde01,2017,1,MIA,NL,135,406,56,101,22,5,13,53,0,1,36,98,5,18,0,4,4
difowi01,2017,1,WAS,NL,124,332,47,90,10,4,5,21,10,1,24,74,6,1,5,3,7
donaljo02,2017,1,TOR,AL,113,415,65,112,21,0,33,78,2,2,76,111,1,3,0,2,5
doolise01,2017,1,OAK,AL,23,0,0,0,0,0,0,0,0,0,0,0,0,0,0,0,0
doolise01,2017,2,WAS,NL,30,0,0,0,0,0,0,0,0,0,0,0,0,0,0,0,0
doziebr01,2017,1,MIN,AL,152,617,106,167,30,4,34,93,16,7,78,141,6,8,0,2,11
drakeol01,2017,1,BAL,AL,3,0,0,0,0,0,0,0,0,0,0,0,0,0,0,0,0
drakeol01,2017,2,MIL,NL,61,0,0,0,0,0,0,0,0,0,0,0,0,0,0,0,0
drewst01,2017,1,WAS,NL,46,95,9,24,7,0,1,17,0,0,8,21,0,0,0,3,2
drurybr01,2017,1,ARI,NL,135,445,41,119,37,2,13,63,1,1,28,103,1,5,0,2,9
dudalu01,2017,1,NYN,NL,75,252,30,62,21,0,17,37,0,0,37,73,4,2,0,0,6
dudalu01,2017,2,TBA,AL,52,171,20,30,7,0,13,27,0,0,23,62,2,4,0,2,3
duensbr01,2017,1,CHN,NL,68,4,0,0,0,0,0,0,0,0,0,3,0,0,0,0,1
duffety01,2017,1,MIN,AL,56,0,0,0,0,0,0,0,0,0,0,0,0,0,0,0,0
duffyda01,2017,1,KCA,AL,24,2,0,1,0,0,0,0,0,0,0,1,0,0,0,0,0
dukeza01,2017,1,SLN,NL,27,0,0,0,0,0,0,0,0,0,0,0,0,0,0,0,0
dullry01,2017,1,OAK,AL,49,0,0,0,0,0,0,0,0,0,0,0,0,0,0,0,0
dunnmi01,2017,1,COL,NL,68,0,0,0,0,0,0,0,0,0,0,0,0,0,0,0,0
duvalad01,2017,1,CIN,NL,157,587,78,146,37,3,31,99,5,3,39,170,1,10,0,11,11
dysonja01,2017,1,SEA,AL,111,346,56,87,13,3,5,30,28,7,28,55,2,10,4,2,3
dysonsa01,2017,1,TEX,AL,17,0,0,0,0,0,0,0,0,0,0,0,0,0,0,0,0
dysonsa01,2017,2,SFN,NL,38,0,0,0,0,0,0,0,0,0,0,0,0,0,0,0,0
eatonad02,2017,1,WAS,NL,23,91,24,27,7,1,2,13,3,1,14,18,0,1,0,1,0
edginjo01,2017,1,NYN,NL,46,0,0,0,0,0,0,0,0,0,0,0,0,0,0,0,0
edwarca01,2017,1,CHN,NL,74,1,1,0,0,0,0,0,0,0,0,1,0,0,0,0,0
eflinza01,2017,1,PHI,NL,11,21,1,3,0,0,0,2,0,0,0,13,0,0,1,0,0
eibnebr01,2017,1,LAN,NL,17,33,3,6,0,0,2,6,0,0,2,17,0,1,0,0,0
eickhje01,2017,1,PHI,NL,24,31,3,5,1,0,0,0,0,0,0,13,0,0,3,0,0
eliasro01,2017,1,BOS,AL,1,0,0,0,0,0,0,0,0,0,0,0,0,0,0,0,0
ellinbr02,2017,1,MIA,NL,42,1,0,0,0,0,0,0,0,0,0,0,0,0,0,0,0
ellisaj01,2017,1,MIA,NL,51,143,17,30,5,0,6,14,0,0,12,29,0,6,2,0,6
ellsbja01,2017,1,NYA,AL,112,356,65,94,20,4,7,39,22,3,41,63,3,5,2,0,7
encared01,2017,1,CLE,AL,157,554,96,143,20,1,38,107,2,0,104,133,5,5,0,5,18
engelad01,2017,1,CHA,AL,97,301,34,50,11,3,6,21,8,1,19,117,0,8,8,0,1
ennsdi01,2017,1,MIN,AL,2,2,0,1,0,0,0,0,0,0,0,1,0,0,0,0,0
ervinph01,2017,1,CIN,NL,28,58,8,15,2,0,3,10,4,1,4,15,0,1,1,0,1
eschja01,2017,1,SDN,NL,1,0,0,0,0,0,0,0,0,0,0,0,0,0,0,0,0
escobal02,2017,1,KCA,AL,162,599,71,150,36,5,6,54,4,7,15,102,1,4,7,4,14
escobed01,2017,1,MIN,AL,129,457,62,116,16,5,21,73,5,1,33,98,3,5,1,3,5
escobyu01,2017,1,LAA,AL,89,350,43,96,20,1,7,31,1,4,29,51,0,2,0,0,15
espinda01,2017,1,LAA,AL,77,228,27,37,8,0,6,29,3,5,19,91,1,4,1,2,2
espinda01,2017,2,SEA,AL,8,16,2,3,2,0,0,2,1,0,1,7,0,0,0,0,0
espinda01,2017,3,TBA,AL,8,22,1,6,0,0,0,0,0,0,1,11,0,1,0,0,0
espinpa01,2017,1,MIL,NL,6,4,0,1,0,0,0,0,0,0,0,1,0,0,1,0,0
espinpa01,2017,2,TEX,AL,6,0,0,0,0,0,0,0,0,0,0,0,0,0,0,0,0
estevca01,2017,1,COL,NL,35,0,0,0,0,0,0,0,0,0,0,0,0,0,0,0,0
estrama01,2017,1,TOR,AL,33,4,0,0,0,0,0,0,0,0,0,3,0,0,0,0,0
ethiean01,2017,1,LAN,NL,22,34,3,8,1,0,2,3,0,0,4,10,1,0,0,0,0
evansph01,2017,1,NYN,NL,19,33,4,10,2,0,0,1,0,0,4,8,0,1,0,0,0
familje01,2017,1,NYN,NL,26,1,0,0,0,0,0,0,0,0,0,1,0,0,0,0,0
fariaja01,2017,1,TBA,AL,16,0,0,0,0,0,0,0,0,0,0,0,0,0,0,0,0
farmebu01,2017,1,DET,AL,11,0,0,0,0,0,0,0,0,0,0,0,0,0,0,0,0
farmeky01,2017,1,LAN,NL,20,20,1,6,1,0,0,2,0,0,0,3,0,0,0,0,2
farquda01,2017,1,TBA,AL,37,0,0,0,0,0,0,0,0,0,0,0,0,0,0,0,0
farquda01,2017,2,CHA,AL,15,0,0,0,0,0,0,0,0,0,0,0,0,0,0,0,0
farrelu01,2017,1,KCA,AL,1,0,0,0,0,0,0,0,0,0,0,0,0,0,0,0,0
farrelu01,2017,2,CIN,NL,9,0,0,0,0,0,0,0,0,0,0,0,0,0,0,0,0
feathta01,2017,1,TBA,AL,17,39,6,7,1,0,2,6,1,0,5,15,0,1,0,2,1
feddeer01,2017,1,WAS,NL,3,4,0,0,0,0,0,0,0,0,0,3,0,0,1,0,0
federti01,2017,1,SFN,NL,13,13,3,3,0,0,2,3,0,0,1,4,0,0,0,0,1
feldmsc01,2017,1,CIN,NL,21,34,0,1,0,0,0,0,0,0,0,16,0,0,4,0,0
felizmi01,2017,1,HOU,AL,46,1,0,0,0,0,0,0,0,0,0,1,0,0,0,0,0
felizne01,2017,1,MIL,NL,29,0,0,0,0,0,0,0,0,0,0,0,0,0,0,0,0
felizne01,2017,2,KCA,AL,20,0,0,0,0,0,0,0,0,0,0,0,0,0,0,0,0
ferreje01,2017,1,DET,AL,11,0,0,0,0,0,0,0,0,0,0,0,0,0,0,0,0
fieldjo03,2017,1,LAN,NL,57,0,0,0,0,0,0,0,0,0,0,0,0,0,0,0,0
fienca01,2017,1,SEA,AL,6,0,0,0,0,0,0,0,0,0,0,0,0,0,0,0,0
fienca01,2017,2,PHI,NL,4,0,0,0,0,0,0,0,0,0,0,0,0,0,0,0,0
fiersmi01,2017,1,HOU,AL,30,1,1,0,0,0,0,0,0,0,0,1,0,0,0,0,0
finnebr01,2017,1,CIN,NL,5,5,0,0,0,0,0,0,0,0,0,1,0,0,1,0,1
fishede01,2017,1,HOU,AL,53,146,21,31,4,1,5,17,3,3,17,54,1,3,0,0,1
fistedo01,2017,1,BOS,AL,18,2,0,0,0,0,0,0,0,0,0,0,0,0,0,0,0
flaheja01,2017,1,SLN,NL,6,6,0,0,0,0,0,0,0,0,0,2,0,0,0,0,0
flahery01,2017,1,BAL,AL,23,38,5,8,1,0,0,4,0,0,4,10,0,1,0,0,0
flexech01,2017,1,NYN,NL,14,13,0,2,1,0,0,0,0,0,0,7,0,0,1,0,0
florera02,2017,1,LAA,AL,3,8,0,1,0,0,0,1,0,0,0,1,0,0,0,1,0
florewi01,2017,1,NYN,NL,110,336,42,91,17,1,18,52,1,1,17,54,1,3,0,6,14
floripe01,2017,1,PHI,NL,15,46,6,16,4,1,0,6,0,0,3,16,0,0,0,0,1
florody01,2017,1,CHN,NL,3,4,0,0,0,0,0,0,0,0,0,2,0,0,0,0,1
flowety01,2017,1,ATL,NL,99,317,41,89,16,0,12,49,0,1,31,82,1,20,0,2,6
flynnbr01,2017,1,KCA,AL,1,0,0,0,0,0,0,0,0,0,0,0,0,0,0,0,0
foltymi01,2017,1,ATL,NL,29,42,1,2,0,0,0,0,0,0,0,27,0,0,7,0,0
fontano01,2017,1,LAA,AL,12,20,1,1,0,0,1,1,1,1,3,8,0,0,0,0,1
fontwi01,2017,1,LAN,NL,3,0,0,0,0,0,0,0,0,0,0,0,0,0,0,0,0
forsylo01,2017,1,LAN,NL,119,361,56,81,19,0,6,36,3,2,69,109,1,4,0,5,12
fowlede01,2017,1,SLN,NL,118,420,68,111,22,9,18,64,7,3,63,101,6,4,0,4,10
fowledu01,2017,1,NYA,AL,1,0,0,0,0,0,0,0,0,0,0,0,0,0,0,0,0
francma02,2017,1,PHI,NL,154,575,66,132,29,1,24,76,0,0,41,95,3,2,0,5,21
frankni01,2017,1,MIL,NL,53,82,7,16,2,1,2,10,2,0,5,19,0,2,0,0,1
frankni01,2017,2,LAA,AL,13,24,2,3,1,0,0,2,0,0,5,3,0,1,0,0,0
frankse01,2017,1,CHN,NL,1,0,0,0,0,0,0,0,0,0,0,0,0,0,0,0,0
fraziad01,2017,1,PIT,NL,121,406,55,112,20,6,6,53,9,5,36,57,2,8,1,3,9
frazicl01,2017,1,NYA,AL,39,134,16,31,9,4,4,17,1,0,7,43,0,0,0,1,2
frazito01,2017,1,CHA,AL,81,280,41,58,15,0,16,44,4,3,48,71,1,4,0,3,4
frazito01,2017,2,NYA,AL,66,194,33,43,4,1,11,32,0,0,35,54,1,10,0,2,6
freelky01,2017,1,COL,NL,35,52,3,8,1,0,1,2,0,0,1,30,0,0,3,0,0
freemfr01,2017,1,ATL,NL,117,440,84,135,35,2,28,71,8,5,65,95,14,7,0,2,9
freemmi01,2017,1,SEA,AL,16,30,3,2,0,0,1,1,0,0,4,9,1,0,0,0,0
freemmi01,2017,2,LAN,NL,4,5,0,0,0,0,0,0,0,0,0,2,0,0,0,0,0
freemmi01,2017,3,CHN,NL,15,25,3,4,2,0,0,0,0,0,2,8,0,0,0,0,1
freemsa01,2017,1,ATL,NL,58,2,0,0,0,0,0,0,0,0,0,1,0,0,0,0,0
freesda01,2017,1,PIT,NL,130,426,44,112,16,0,10,52,0,1,58,116,5,15,0,4,10
freitda01,2017,1,ATL,NL,6,17,2,4,2,0,0,2,0,0,0,4,0,0,0,0,1
friedma01,2017,1,ATL,NL,10,7,1,0,0,0,0,0,0,0,1,3,0,0,1,0,0
frierer01,2017,1,TEX,AL,6,0,0,0,0,0,0,0,0,0,0,0,0,0,0,0,0
fryerer01,2017,1,SLN,NL,34,71,7,11,3,0,0,3,0,0,11,18,0,1,0,0,3
fryja01,2017,1,CHA,AL,11,0,0,0,0,0,0,0,0,0,0,0,0,0,0,0,0
fuentre01,2017,1,ARI,NL,64,136,19,32,1,2,3,9,4,1,8,35,0,0,1,0,0
fulmeca01,2017,1,CHA,AL,7,0,0,0,0,0,0,0,0,0,0,0,0,0,0,0,0
fulmemi01,2017,1,DET,AL,25,5,0,0,0,0,0,0,0,0,0,2,0,0,0,0,1
galero01,2017,1,SDN,NL,3,10,1,1,0,0,1,2,0,0,0,2,0,0,0,0,0
gallaca01,2017,1,KCA,AL,13,24,2,6,1,0,1,5,0,0,3,4,0,0,0,0,1
gallayo01,2017,1,SEA,AL,28,2,0,1,0,0,0,0,0,0,0,0,0,0,0,0,0
gallegi01,2017,1,NYA,AL,16,0,0,0,0,0,0,0,0,0,0,0,0,0,0,0,0
gallojo01,2017,1,TEX,AL,145,449,85,94,18,3,41,80,7,2,75,196,1,8,0,0,3
galvifr01,2017,1,PHI,NL,162,608,71,155,29,6,12,61,14,5,45,111,2,4,2,4,12
gamelbe01,2017,1,SEA,AL,134,509,68,140,27,5,11,59,4,1,36,122,1,1,1,3,8
gantjo01,2017,1,SLN,NL,7,3,0,0,0,0,0,0,0,0,0,0,0,0,0,0,0
garciad01,2017,1,ATL,NL,52,173,19,41,4,0,5,19,4,0,7,23,0,2,0,1,9
garciav01,2017,1,CHA,AL,136,518,75,171,27,5,18,80,5,3,33,111,5,9,0,1,14
garcigr01,2017,1,SLN,NL,133,241,27,61,9,2,2,20,2,1,37,64,0,6,5,1,6
garcija01,2017,1,OAK,AL,63,0,0,0,0,0,0,0,0,0,0,0,0,0,0,0,0
garcija02,2017,1,ATL,NL,18,31,2,5,1,0,1,7,0,0,1,7,0,0,3,0,0
garcija02,2017,2,MIN,AL,1,0,0,0,0,0,0,0,0,0,0,0,0,0,0,0,0
garcija02,2017,3,NYA,AL,8,2,0,0,0,0,0,0,0,0,0,1,0,0,0,0,0
garcija04,2017,1,MIA,NL,68,0,0,0,0,0,0,0,0,0,0,0,0,0,0,0,0
garcile02,2017,1,CHA,AL,87,300,41,81,15,2,9,33,8,5,13,69,0,8,3,2,4
garcilu03,2017,1,PHI,NL,66,0,0,0,0,0,0,0,0,0,0,0,0,0,0,0,0
garcion01,2017,1,KCA,AL,2,0,0,0,0,0,0,0,0,0,0,0,0,0,0,0,0
garciwi01,2017,1,CHA,AL,44,105,15,25,5,3,2,12,0,0,11,31,0,0,1,2,2
gardeni01,2017,1,TEX,AL,12,0,0,0,0,0,0,0,0,0,0,0,0,0,0,0,0
gardnbr01,2017,1,NYA,AL,151,594,96,157,26,4,21,63,23,5,72,122,2,8,5,3,4
garnedu01,2017,1,COL,NL,22,68,5,14,7,0,1,6,0,0,4,24,0,1,1,0,1
garnedu01,2017,2,OAK,AL,19,44,5,7,1,0,1,3,0,0,8,12,0,0,0,0,2
garream01,2017,1,CIN,NL,16,19,1,1,1,0,0,1,0,0,0,6,0,0,4,0,3
gartory01,2017,1,TBA,AL,7,0,0,0,0,0,0,0,0,0,0,0,0,0,0,0,0
gartory01,2017,2,SEA,AL,13,0,0,0,0,0,0,0,0,0,0,0,0,0,0,0,0
garvemi01,2017,1,MIN,AL,23,46,5,9,1,3,0,3,0,0,6,15,0,0,0,0,1
garzama01,2017,1,MIL,NL,24,35,1,3,0,0,0,1,0,0,0,13,0,1,1,0,0
gattiev01,2017,1,HOU,AL,84,300,41,79,22,0,12,55,0,1,18,50,0,4,0,3,10
gausmke01,2017,1,BAL,AL,34,2,0,0,0,0,0,0,0,0,0,1,0,0,0,0,0
gavigsa01,2017,1,SEA,AL,12,5,1,1,0,0,0,0,0,0,0,2,0,0,0,0,0
gavigsa01,2017,2,KCA,AL,4,0,0,0,0,0,0,0,0,0,0,0,0,0,0,0,0
gearrco01,2017,1,SFN,NL,68,2,0,0,0,0,0,0,0,0,0,2,0,0,0,0,0
geedi01,2017,1,TEX,AL,4,0,0,0,0,0,0,0,0,0,0,0,0,0,0,0,0
geedi01,2017,2,MIN,AL,14,0,0,0,0,0,0,0,0,0,0,0,0,0,0,0,0
gennesc01,2017,1,CIN,NL,141,461,80,136,22,3,27,97,3,2,30,114,1,4,0,2,15
gentrcr01,2017,1,BAL,AL,77,101,17,26,5,1,2,11,5,4,11,24,0,1,3,1,1
germado01,2017,1,NYA,AL,7,0,0,0,0,0,0,0,0,0,0,0,0,0,0,0,0
giavojo01,2017,1,BAL,AL,7,10,0,1,0,0,0,0,1,0,0,4,0,0,0,0,0
gibsoky01,2017,1,MIN,AL,29,0,0,0,0,0,0,0,0,0,0,0,0,0,0,0,0
gileske01,2017,1,HOU,AL,63,0,0,0,0,0,0,0,0,0,0,0,0,0,0,0,0
gillaco01,2017,1,SFN,NL,44,80,8,13,4,0,2,8,0,0,5,10,0,1,0,1,3
gilmase01,2017,1,NYN,NL,2,1,1,1,1,0,0,1,0,0,0,0,0,0,0,0,0
gimench01,2017,1,MIN,AL,77,186,28,41,9,0,7,16,1,0,33,60,0,4,2,0,3
giolilu01,2017,1,CHA,AL,7,0,0,0,0,0,0,0,0,0,0,0,0,0,0,0,0
givenmy01,2017,1,BAL,AL,69,0,0,0,0,0,0,0,0,0,0,0,0,0,0,0,0
glasnty01,2017,1,PIT,NL,18,17,1,5,0,0,0,3,0,0,4,7,0,1,1,0,0
gloveko01,2017,1,WAS,NL,23,0,0,0,0,0,0,0,0,0,0,0,0,0,0,0,0
godleza01,2017,1,ARI,NL,27,42,1,2,0,0,0,2,0,0,2,26,0,0,9,0,0
goedder01,2017,1,NYN,NL,33,0,0,0,0,0,0,0,0,0,0,0,0,0,0,0,0
goforda01,2017,1,MIL,NL,1,0,0,0,0,0,0,0,0,0,0,0,0,0,0,0,0
goharlu01,2017,1,ATL,NL,5,9,0,0,0,0,0,0,0,0,0,7,0,0,1,0,1
goinsry01,2017,1,TOR,AL,143,418,37,99,21,1,9,62,3,2,31,96,0,0,5,5,14
goldbbr01,2017,1,CHA,AL,11,0,0,0,0,0,0,0,0,0,0,0,0,0,0,0,0
goldspa01,2017,1,ARI,NL,155,558,117,166,34,3,36,120,18,5,94,147,15,8,0,4,14
gomesya01,2017,1,CLE,AL,105,341,43,79,15,0,14,56,0,0,31,99,0,8,1,2,9
gomezca01,2017,1,TEX,AL,105,368,51,94,23,1,17,51,13,5,31,127,0,19,3,5,3
gomezje01,2017,1,PHI,NL,18,0,0,0,0,0,0,0,0,0,0,0,0,0,0,0,0
gomezmi01,2017,1,SFN,NL,22,33,3,8,2,0,0,2,0,0,0,6,0,0,0,1,1
gomezro01,2017,1,SFN,NL,4,0,0,0,0,0,0,0,0,0,0,0,0,0,0,0,0
gonzaad01,2017,1,LAN,NL,71,231,14,56,17,0,3,30,0,1,16,43,1,0,0,4,7
gonzaca01,2017,1,COL,NL,136,470,72,123,34,0,14,57,3,0,56,119,3,2,0,6,9
gonzaer01,2017,1,CLE,AL,60,110,18,28,6,0,4,11,1,2,3,37,0,0,1,1,1
gonzagi01,2017,1,WAS,NL,32,66,3,6,0,0,0,5,0,0,4,29,0,0,5,0,0
gonzama01,2017,1,HOU,AL,134,455,67,138,34,0,23,90,8,3,49,99,4,6,3,2,8
gonzama02,2017,1,SLN,NL,1,1,0,1,0,0,0,0,0,0,0,0,0,0,0,0,0
gonzama02,2017,2,SEA,AL,10,1,0,0,0,0,0,0,0,0,0,1,0,0,1,0,0
gonzami03,2017,1,CHA,AL,22,6,0,0,0,0,0,0,0,0,0,2,0,0,1,0,0
gonzami03,2017,2,TEX,AL,5,0,1,0,0,0,0,0,0,0,1,0,0,0,0,0,0
goodrni01,2017,1,MIN,AL,11,17,1,1,0,0,0,0,0,0,1,10,0,0,0,0,0
goodwbr01,2017,1,WAS,NL,74,251,41,63,21,1,13,30,6,0,23,69,2,1,0,3,3
goodyni01,2017,1,CLE,AL,56,0,0,0,0,0,0,0,0,0,0,0,0,0,0,0,0
gordoal01,2017,1,KCA,AL,148,476,52,99,20,2,9,45,7,4,45,126,3,14,2,4,7
gordode01,2017,1,MIA,NL,158,653,114,201,20,9,2,33,60,16,25,93,0,10,2,4,7
gorete01,2017,1,KCA,AL,12,4,2,0,0,0,0,0,2,2,1,2,0,0,0,0,0
gosewtu01,2017,1,SEA,AL,11,28,1,2,0,0,0,0,0,0,1,14,0,0,2,0,2
gosseda01,2017,1,OAK,AL,18,5,1,1,0,0,0,0,0,0,0,4,0,0,2,0,0
gosseph01,2017,1,PIT,NL,28,40,3,6,1,0,0,2,0,1,2,9,0,0,0,0,1
gosseph01,2017,2,TEX,AL,12,8,0,1,1,0,0,0,0,0,0,3,0,0,0,0,0
gotttr01,2017,1,WAS,NL,4,0,0,0,0,0,0,0,0,0,0,0,0,0,0,0,0
gourryu01,2017,1,HOU,AL,139,529,69,158,43,1,18,75,3,2,22,62,1,7,0,6,12
gracema02,2017,1,WAS,NL,40,5,0,0,0,0,0,0,0,0,0,4,0,0,0,0,0
grandcu01,2017,1,NYN,NL,111,337,58,77,22,3,19,52,4,2,53,90,2,2,0,3,4
grandcu01,2017,2,LAN,NL,36,112,16,18,2,0,7,12,2,0,18,33,0,2,0,0,1
grandya01,2017,1,LAN,NL,129,438,50,108,27,0,22,58,0,1,40,130,0,0,1,3,10
graniza01,2017,1,MIN,AL,40,93,14,22,2,0,1,13,2,2,12,9,0,0,1,1,6
grateju01,2017,1,LAA,AL,48,84,5,17,4,0,0,10,0,0,1,13,0,0,0,2,4
graveke01,2017,1,OAK,AL,19,1,0,0,0,0,0,0,0,0,0,1,0,0,0,0,0
grayjo02,2017,1,COL,NL,20,38,3,3,0,0,1,3,0,0,1,27,0,0,4,0,0
grayso01,2017,1,OAK,AL,16,0,0,0,0,0,0,0,0,0,0,0,0,0,0,0,0
grayso01,2017,2,NYA,AL,11,0,0,0,0,0,0,0,0,0,0,0,0,0,0,0,0
greench03,2017,1,NYA,AL,40,0,0,0,0,0,0,0,0,0,0,0,0,0,0,0,0
greengr01,2017,1,WAS,NL,2,3,0,0,0,0,0,0,0,0,0,2,0,0,0,0,0
greensh02,2017,1,DET,AL,71,0,0,0,0,0,0,0,0,0,0,0,0,0,0,0,0
gregelu01,2017,1,HOU,AL,65,0,0,0,0,0,0,0,0,0,0,0,0,0,0,0,0
gregodi01,2017,1,NYA,AL,136,534,73,153,27,0,25,87,3,1,25,70,1,3,0,7,7
greinza01,2017,1,ARI,NL,33,62,4,13,4,0,0,4,0,0,2,18,0,1,5,0,0
grichra01,2017,1,SLN,NL,122,412,53,98,25,3,22,59,6,1,26,133,3,2,0,2,9
griffaj01,2017,1,TEX,AL,18,5,0,0,0,0,0,0,0,0,1,5,0,0,0,0,0
grillja01,2017,1,TOR,AL,26,0,0,0,0,0,0,0,0,0,0,0,0,0,0,0,0
grillja01,2017,2,TEX,AL,20,0,0,0,0,0,0,0,0,0,0,0,0,0,0,0,0
grimmju01,2017,1,CHN,NL,50,3,0,0,0,0,0,0,0,0,0,1,0,0,0,0,1
grossro01,2017,1,MIN,AL,119,382,62,94,22,1,9,45,3,1,67,79,0,3,2,2,6
gsellro01,2017,1,NYN,NL,27,34,2,5,0,0,0,4,0,0,6,14,0,0,3,1,0
guduare01,2017,1,HOU,AL,22,0,0,0,0,0,0,0,0,0,0,0,0,0,0,0,0
guerrde01,2017,1,LAA,AL,19,0,0,0,0,0,0,0,0,0,0,0,0,0,0,0,0
guerrja01,2017,1,MIA,NL,16,1,0,0,0,0,0,0,0,0,0,1,0,0,0,0,0
guerrju02,2017,1,MIL,NL,21,16,0,0,0,0,0,0,0,0,0,4,0,0,5,0,0
gurkaja01,2017,1,LAA,AL,3,0,0,0,0,0,0,0,0,0,0,0,0,0,0,0,0
gustaja01,2017,1,HOU,AL,6,0,0,0,0,0,0,0,0,0,0,0,0,0,0,0,0
guthrje01,2017,1,WAS,NL,1,0,0,0,0,0,0,0,0,0,0,0,0,0,0,0,0
gutiefr01,2017,1,LAN,NL,35,56,8,13,3,0,1,8,0,1,7,16,0,0,0,0,2
guyerbr01,2017,1,CLE,AL,70,165,23,39,7,1,2,20,2,0,15,43,0,8,2,2,4
gyorkje01,2017,1,SLN,NL,125,426,52,116,21,2,20,67,6,2,47,105,1,1,0,7,12
haderjo01,2017,1,MIL,NL,35,4,0,0,0,0,0,0,0,0,0,2,0,0,0,0,0
hahnje01,2017,1,OAK,AL,14,0,0,0,0,0,0,0,0,0,0,0,0,0,0,0,0
haleyju01,2017,1,MIN,AL,10,0,0,0,0,0,0,0,0,0,0,0,0,0,0,0,0
hamelco01,2017,1,TEX,AL,24,3,0,0,0,0,0,1,0,0,0,1,0,0,0,0,0
hamilbi02,2017,1,CIN,NL,139,582,85,144,17,11,4,38,59,13,44,133,0,0,5,2,5
hammeja01,2017,1,KCA,AL,32,8,0,0,0,0,0,0,0,0,0,2,0,0,1,0,1
handbr01,2017,1,SDN,NL,72,1,0,0,0,0,0,0,0,0,0,0,0,0,1,0,0
hanigmi01,2017,1,SEA,AL,96,369,58,104,25,2,16,47,5,4,31,93,0,9,1,0,9
hanigry01,2017,1,COL,NL,33,101,9,27,2,0,2,12,0,0,8,26,2,1,1,1,5
hanneja01,2017,1,SEA,AL,11,20,3,3,0,0,1,1,0,1,0,4,0,0,0,0,0
hansoal01,2017,1,PIT,NL,37,57,8,11,0,2,0,1,2,1,2,9,0,0,0,0,0
hansoal01,2017,2,CHA,AL,69,160,28,37,9,1,4,10,9,2,10,43,0,1,1,3,5
happia01,2017,1,CHN,NL,115,364,62,92,17,3,24,68,8,4,39,129,5,4,2,4,12
happja01,2017,1,TOR,AL,25,2,0,0,0,0,0,0,0,0,0,1,0,0,0,0,0
hardybl01,2017,1,DET,AL,35,0,0,0,0,0,0,0,0,0,0,0,0,0,0,0,0
hardyjj01,2017,1,BAL,AL,73,254,24,55,13,1,4,24,0,1,12,48,0,1,1,0,7
harpebr03,2017,1,WAS,NL,111,420,95,134,27,1,29,87,4,2,68,99,11,1,0,3,15
harrelu01,2017,1,TOR,AL,4,0,0,0,0,0,0,0,0,0,0,0,0,0,0,0,0
harrijo05,2017,1,PIT,NL,128,486,66,132,26,2,16,47,12,4,28,90,2,23,2,3,5
harriwi02,2017,1,HOU,AL,46,0,0,0,0,0,0,0,0,0,0,0,0,0,0,0,0
hartdo01,2017,1,BAL,AL,51,0,0,0,0,0,0,0,0,0,0,0,0,0,0,0,0
harvema01,2017,1,NYN,NL,19,34,2,2,0,0,0,1,0,0,1,13,0,0,1,0,3
hatchch02,2017,1,LAN,NL,26,0,0,0,0,0,0,0,0,0,0,0,0,0,0,0,0
hatchch02,2017,2,OAK,AL,23,0,0,0,0,0,0,0,0,0,0,0,0,0,0,0,0
hauscmi01,2017,1,TEX,AL,4,0,0,0,0,0,0,0,0,0,0,0,0,0,0,0,0
haysau01,2017,1,BAL,AL,20,60,4,13,3,0,1,8,0,0,2,16,0,0,0,1,2
hazelje01,2017,1,ARI,NL,41,52,10,18,2,2,2,10,1,0,9,20,2,0,0,0,0
headlch01,2017,1,NYA,AL,147,512,77,140,30,1,12,61,9,2,60,132,2,6,1,7,10
healyry01,2017,1,OAK,AL,149,576,66,156,29,0,25,78,0,1,23,142,0,4,0,2,16
heanean01,2017,1,LAA,AL,5,0,0,0,0,0,0,0,0,0,0,0,0,0,0,0,0
hechaad01,2017,1,MIA,NL,20,65,8,18,2,1,1,6,0,0,1,9,0,0,1,0,1
hechaad01,2017,2,TBA,AL,77,265,29,68,12,4,7,24,4,1,12,58,1,1,1,2,6
hedgeau01,2017,1,SDN,NL,120,387,36,83,17,0,18,55,4,1,23,122,3,3,1,3,10
heisech01,2017,1,WAS,NL,38,74,8,12,3,1,1,5,0,0,5,22,0,0,0,0,1
hellebe01,2017,1,NYA,AL,9,0,0,0,0,0,0,0,0,0,0,0,0,0,0,0,0
hellije01,2017,1,PHI,NL,20,33,1,3,1,1,0,2,0,0,3,9,0,0,3,0,0
hellije01,2017,2,BAL,AL,10,0,0,0,0,0,0,0,0,0,0,0,0,0,0,0,0
hembrhe01,2017,1,BOS,AL,62,0,0,0,0,0,0,0,0,0,0,0,0,0,0,0,0
hendrky01,2017,1,CHN,NL,25,50,3,5,1,0,0,5,0,0,0,28,0,0,1,0,0
hendrli01,2017,1,OAK,AL,70,0,0,0,0,0,0,0,0,0,0,0,0,0,0,0,0
heredgu01,2017,1,SEA,AL,123,386,43,96,16,0,6,24,1,5,27,64,2,11,1,1,9
hernaar01,2017,1,CIN,NL,19,2,0,0,0,0,0,0,0,0,0,1,0,0,0,0,0
hernace02,2017,1,PHI,NL,128,511,85,150,26,6,9,34,15,5,61,104,1,4,0,1,8
hernada01,2017,1,LAA,AL,38,0,0,0,0,0,0,0,0,0,0,0,0,0,0,0,0
hernada01,2017,2,ARI,NL,26,0,0,0,0,0,0,0,0,0,0,0,0,0,0,0,0
hernaen02,2017,1,LAN,NL,140,297,46,64,24,2,11,37,3,0,41,80,2,0,1,3,4
hernafe02,2017,1,SEA,AL,16,0,0,0,0,0,0,0,0,0,0,0,0,0,0,0,0
hernago01,2017,1,SFN,NL,128,310,40,79,20,1,0,22,12,4,31,73,3,3,2,2,6
hernama02,2017,1,BOS,AL,21,58,7,16,3,0,0,2,0,1,1,15,0,1,0,0,0
hernate01,2017,1,HOU,AL,1,0,0,0,0,0,0,0,0,0,0,0,0,0,0,0,0
hernate01,2017,2,TOR,AL,26,88,16,23,6,0,8,20,0,1,6,36,0,0,0,1,0
herreke01,2017,1,KCA,AL,64,0,0,0,0,0,0,0,0,0,0,0,0,0,0,0,0
herreod01,2017,1,PHI,NL,138,526,67,148,42,3,14,56,8,5,31,126,4,4,0,2,13
herrero01,2017,1,NYA,AL,2,0,0,0,0,0,0,0,0,0,0,0,0,0,0,0,0
herrmch01,2017,1,ARI,NL,106,226,35,41,7,0,10,27,5,0,29,67,0,0,0,1,1
hestoch01,2017,1,SEA,AL,2,0,0,0,0,0,0,0,0,0,0,0,0,0,0,0,0
hestoch01,2017,2,MIN,AL,1,0,0,0,0,0,0,0,0,0,0,0,0,0,0,0,0
heywaja01,2017,1,CHN,NL,126,432,59,112,15,4,11,59,4,4,41,67,1,3,2,2,8
hicksaa01,2017,1,NYA,AL,88,301,54,80,18,0,15,52,10,5,51,67,0,3,1,5,8
hicksjo02,2017,1,DET,AL,60,173,25,46,12,0,6,22,2,1,13,51,0,3,0,1,5
higasky01,2017,1,NYA,AL,9,18,2,0,0,0,0,0,0,0,2,6,0,0,0,0,0
hildetr01,2017,1,MIN,AL,37,0,0,0,0,0,0,0,0,0,0,0,0,0,0,0,0
hillaa01,2017,1,SFN,NL,34,68,7,9,2,1,1,7,0,0,11,13,0,0,0,1,2
hillri01,2017,1,LAN,NL,25,45,1,5,1,0,0,4,0,0,0,18,0,2,1,1,0
hoffmje02,2017,1,COL,NL,23,33,1,3,1,0,0,1,0,0,0,17,0,0,3,0,1
holadbr01,2017,1,DET,AL,13,29,1,7,2,0,0,2,0,0,0,1,0,0,0,0,2
holdejo02,2017,1,NYA,AL,37,0,0,0,0,0,0,0,0,0,0,0,0,0,0,0,0
hollade01,2017,1,CHA,AL,29,1,0,1,0,0,0,0,0,0,0,0,0,0,0,0,0
hollagr01,2017,1,COL,NL,61,0,0,0,0,0,0,0,0,0,0,0,0,0,0,0,0
hollima01,2017,1,NYA,AL,105,373,50,86,18,0,19,64,1,0,46,114,0,3,0,5,14
holmbda01,2017,1,CHA,AL,37,0,0,0,0,0,0,0,0,0,0,0,0,0,0,0,0
holtbr01,2017,1,BOS,AL,64,140,20,28,6,0,0,7,2,1,19,34,0,3,0,2,3
hoovejj01,2017,1,ARI,NL,52,0,0,0,0,0,0,0,0,0,0,0,0,0,0,0,0
hoskirh01,2017,1,PHI,NL,50,170,37,44,7,0,18,48,2,0,37,46,1,3,0,2,2
hosmeer01,2017,1,KCA,AL,162,603,98,192,31,1,25,94,6,1,66,104,3,0,0,2,20
housetj01,2017,1,TOR,AL,2,0,0,0,0,0,0,0,0,0,0,0,0,0,0,0,0
howeljp01,2017,1,TOR,AL,16,0,0,0,0,0,0,0,0,0,0,0,0,0,0,0,0
hoyinja01,2017,1,TEX,AL,36,72,13,16,3,0,1,7,3,0,4,23,0,0,0,1,0
hoytja01,2017,1,HOU,AL,43,1,0,0,0,0,0,0,0,0,0,1,0,0,0,0,0
huch02,2017,1,TBA,AL,6,0,0,0,0,0,0,0,0,0,0,0,0,0,0,0,0
hudsoda01,2017,1,PIT,NL,71,0,0,0,0,0,0,0,0,0,0,0,0,0,0,0,0
huffmch01,2017,1,SLN,NL,12,14,3,4,0,1,0,0,0,0,1,6,0,0,0,0,0
hugheja02,2017,1,MIL,NL,67,0,0,0,0,0,0,0,0,0,0,0,0,0,0,0,0
hugheph01,2017,1,MIN,AL,14,0,0,0,0,0,0,0,0,0,0,0,0,0,0,0,0
hundlni01,2017,1,SFN,NL,101,287,27,70,23,0,9,35,0,0,12,81,2,0,2,2,6
hunteto02,2017,1,TBA,AL,61,0,0,0,0,0,0,0,0,0,0,0,0,0,0,0,0
hurshja01,2017,1,ATL,NL,9,0,0,0,0,0,0,0,0,0,0,0,0,0,0,0,0
hwangja01,2017,1,SFN,NL,18,52,2,8,1,0,1,5,0,0,5,15,0,0,0,0,1
iannech01,2017,1,ARI,NL,89,272,38,69,19,0,17,43,0,0,37,87,0,6,0,1,3
iglesjo01,2017,1,DET,AL,130,463,56,118,33,1,6,54,7,4,21,65,0,1,3,1,6
iglesra01,2017,1,CIN,NL,63,1,0,1,1,0,0,0,0,0,0,0,0,0,0,0,0
inciaen01,2017,1,ATL,NL,157,662,93,201,27,5,11,57,22,9,49,94,3,0,3,4,8
infangr01,2017,1,CHA,AL,52,0,0,0,0,0,0,0,0,0,0,0,0,0,0,0,0
iwakuhi01,2017,1,SEA,AL,6,0,0,0,0,0,0,0,0,0,0,0,0,0,0,0,0
jacksau01,2017,1,CLE,AL,85,280,46,89,19,3,7,35,3,1,33,64,0,1,0,4,13
jacksed01,2017,1,BAL,AL,3,0,0,0,0,0,0,0,0,0,0,0,0,0,0,0,0
jacksed01,2017,2,WAS,NL,19,21,3,2,0,0,0,0,0,0,0,15,0,0,0,0,0
jackslu01,2017,1,ATL,NL,43,2,0,0,0,0,0,0,0,0,0,0,0,0,1,0,0
janispa01,2017,1,BAL,AL,14,26,0,2,0,0,0,3,0,0,1,6,0,0,1,0,1
jankojo01,2017,1,HOU,AL,3,0,0,0,0,0,0,0,0,0,0,0,0,0,0,0,0
jankotr01,2017,1,SDN,NL,27,75,10,14,2,0,0,1,4,0,9,28,0,1,2,0,2
janseke01,2017,1,LAN,NL,65,4,0,2,1,0,0,1,0,0,0,0,0,0,0,0,1
jasojo01,2017,1,PIT,NL,126,256,28,54,19,0,10,35,1,1,40,66,2,5,0,1,5
jayemy01,2017,1,DET,AL,5,0,0,0,0,0,0,0,0,0,0,0,0,0,0,0,0
jayjo02,2017,1,CHN,NL,141,379,65,112,18,3,2,34,6,2,37,80,3,12,3,2,11
jeffrje01,2017,1,TEX,AL,39,0,0,0,0,0,0,0,0,0,0,0,0,0,0,0,0
jeffrje01,2017,2,MIL,NL,22,2,0,0,0,0,0,0,0,0,0,2,0,0,0,0,0
jennida01,2017,1,CHA,AL,48,0,0,0,0,0,0,0,0,0,0,0,0,0,0,0,0
jennida01,2017,2,TBA,AL,29,0,0,0,0,0,0,0,0,0,0,0,0,0,0,0,0
jimenaj01,2017,1,TEX,AL,7,12,0,1,0,0,0,0,0,0,0,7,0,0,1,0,1
jimenjo02,2017,1,DET,AL,24,0,0,0,0,0,0,0,0,0,0,0,0,0,0,0,0
jimenub01,2017,1,BAL,AL,31,5,0,1,0,0,0,0,0,0,0,3,0,0,0,0,0
johnsbr02,2017,1,BOS,AL,5,2,0,0,0,0,0,0,0,0,0,0,0,0,0,0,0
johnsji04,2017,1,ATL,NL,61,0,0,0,0,0,0,0,0,0,0,0,0,0,0,0,0
johnsmi04,2017,1,ATL,NL,18,10,2,2,0,0,0,0,1,0,0,4,0,0,1,0,0
johnspi01,2017,1,CHN,NL,1,0,0,0,0,0,0,0,0,0,0,0,0,0,0,0,0
jonesad01,2017,1,BAL,AL,147,597,82,170,28,1,26,73,2,1,27,113,1,7,1,3,18
jonesja07,2017,1,DET,AL,56,141,14,24,3,1,3,13,6,2,9,65,0,4,0,0,5
jonesna01,2017,1,CHA,AL,11,0,0,0,0,0,0,0,0,0,0,0,0,0,0,0,0
jonesry01,2017,1,SFN,NL,53,150,12,26,5,2,2,5,1,0,10,52,3,4,0,0,3
jorgefe01,2017,1,MIN,AL,2,0,0,0,0,0,0,0,0,0,0,0,0,0,0,0,0
josepca01,2017,1,BAL,AL,89,254,31,65,14,1,8,28,0,0,10,72,0,1,1,0,7
josepto01,2017,1,PHI,NL,142,495,51,119,27,1,22,69,1,0,33,129,1,2,0,3,21
joycema01,2017,1,OAK,AL,141,469,78,114,33,0,25,68,4,1,66,113,0,2,0,7,10
judgeaa01,2017,1,NYA,AL,155,542,128,154,24,3,52,114,9,4,127,208,11,5,0,4,15
jungmta01,2017,1,MIL,NL,1,0,0,0,0,0,0,0,0,0,0,0,0,0,0,0,0
junisja01,2017,1,KCA,AL,20,3,0,0,0,0,0,0,0,0,0,3,0,0,0,0,0
kahnlto01,2017,1,CHA,AL,37,0,0,0,0,0,0,0,0,0,0,0,0,0,0,0,0
kahnlto01,2017,2,NYA,AL,32,0,0,0,0,0,0,0,0,0,0,0,0,0,0,0,0
karnsna01,2017,1,KCA,AL,9,0,0,0,0,0,0,0,0,0,0,0,0,0,0,0,0
kelake01,2017,1,TEX,AL,39,0,0,0,0,0,0,0,0,0,0,0,0,0,0,0,0
kellesh01,2017,1,WAS,NL,33,0,0,0,0,0,0,0,0,0,0,0,0,0,0,0,0
kellyca02,2017,1,SLN,NL,34,69,5,12,3,0,0,6,0,0,5,11,0,1,0,0,3
kellyjo05,2017,1,BOS,AL,54,0,0,0,0,0,0,0,0,0,0,0,0,0,0,0,0
kellyty01,2017,1,NYN,NL,1,1,0,0,0,0,0,0,0,0,0,1,0,0,0,0,0
kellyty01,2017,2,PHI,NL,69,88,11,17,7,0,2,14,0,0,8,24,0,1,4,3,0
kempma01,2017,1,ATL,NL,115,438,47,121,23,1,19,64,0,2,27,99,5,0,0,1,25
kempto01,2017,1,HOU,AL,17,37,6,8,1,0,0,4,1,0,1,5,0,1,0,0,0
kendrho01,2017,1,PHI,NL,39,141,16,48,8,1,2,16,8,3,11,30,0,3,0,1,4
kendrho01,2017,2,WAS,NL,52,164,24,48,8,2,7,25,4,2,11,38,0,2,0,1,4
kendrky01,2017,1,BOS,AL,2,1,0,0,0,0,0,0,0,0,0,1,0,0,1,0,0
kenneia01,2017,1,KCA,AL,30,3,0,1,0,0,0,0,0,0,1,0,0,0,0,0,0
keplema01,2017,1,MIN,AL,147,511,67,124,32,2,19,69,6,1,47,114,2,6,1,3,5
kershcl01,2017,1,LAN,NL,27,49,6,9,1,0,0,2,0,0,4,13,0,0,6,0,2
keuchda01,2017,1,HOU,AL,23,3,0,0,0,0,0,0,0,0,0,2,0,0,0,0,0
kiermke01,2017,1,TBA,AL,98,380,56,105,15,3,15,39,16,7,31,99,2,5,4,1,3
kimbrcr01,2017,1,BOS,AL,67,0,0,0,0,0,0,0,0,0,0,0,0,0,0,0,0
kimhy01,2017,1,BAL,AL,56,125,11,29,4,0,1,10,0,0,12,27,0,2,0,2,2
kimhy01,2017,2,PHI,NL,40,87,9,20,4,1,0,4,0,0,10,19,1,0,0,0,1
kinslia01,2017,1,DET,AL,139,551,90,130,25,3,22,52,14,5,55,86,2,7,0,0,9
kintzbr01,2017,1,MIN,AL,45,0,0,0,0,0,0,0,0,0,0,0,0,0,0,0,0
kintzbr01,2017,2,WAS,NL,27,0,0,0,0,0,0,0,0,0,0,0,0,0,0,0,0
kipnija01,2017,1,CLE,AL,90,336,43,78,25,0,12,35,6,2,28,71,0,2,2,5,0
kittran01,2017,1,TBA,AL,15,0,0,0,0,0,0,0,0,0,0,0,0,0,0,0,0
kivlepa01,2017,1,CIN,NL,115,178,23,37,5,1,9,26,1,2,22,61,1,3,0,1,2
klubeco01,2017,1,CLE,AL,29,2,0,1,0,0,0,0,0,0,0,0,0,0,0,0,0
knappan01,2017,1,PHI,NL,56,171,26,44,8,1,3,13,1,0,31,56,4,0,0,2,5
knebeco01,2017,1,MIL,NL,76,0,0,0,0,0,0,0,0,0,0,0,0,0,0,0,0
kochma01,2017,1,ARI,NL,1,0,0,0,0,0,0,0,0,0,0,0,0,0,0,0,0
koehlto01,2017,1,MIA,NL,12,21,0,1,0,0,0,0,0,0,0,15,0,0,0,0,0
koehlto01,2017,2,TOR,AL,15,0,0,0,0,0,0,0,0,0,0,0,0,0,0,0,0
kolarad01,2017,1,TBA,AL,12,0,0,0,0,0,0,0,0,0,0,0,0,0,0,0,0
kontoge01,2017,1,SFN,NL,50,2,0,0,0,0,0,0,0,0,0,1,0,0,0,0,0
kontoge01,2017,2,PIT,NL,15,0,0,0,0,0,0,0,0,0,0,0,0,0,0,0,0
kozmape01,2017,1,NYA,AL,11,9,2,1,0,0,0,0,0,0,1,2,0,0,0,0,0
kozmape01,2017,2,TEX,AL,28,36,4,4,0,0,1,2,0,1,2,18,0,2,1,0,0
kratzer01,2017,1,NYA,AL,4,2,0,2,1,0,0,2,0,0,0,0,0,0,0,0,0
krolia01,2017,1,ATL,NL,51,1,0,0,0,0,0,0,0,0,0,0,0,0,0,0,0
kuhlch01,2017,1,PIT,NL,33,48,2,5,2,0,0,3,0,0,1,16,0,0,3,0,1
labouja01,2017,1,DET,AL,6,0,0,0,0,0,0,0,0,0,0,0,0,0,0,0,0
lackejo01,2017,1,CHN,NL,32,53,2,7,1,0,0,1,1,1,3,23,0,0,5,0,0
lagarju01,2017,1,NYN,NL,94,252,37,63,16,2,3,15,7,3,14,56,0,3,2,1,6
lamarry01,2017,1,OAK,AL,3,7,0,0,0,0,0,0,0,0,1,3,0,0,0,0,0
lambja01,2017,1,ARI,NL,149,536,89,133,30,4,30,105,6,4,87,152,13,7,0,5,15
lametdi01,2017,1,SDN,NL,21,35,0,3,0,0,0,0,0,0,0,22,0,0,3,0,0
lasteto01,2017,1,CHN,NL,73,125,18,36,8,0,5,22,0,0,20,18,1,2,0,2,3
latosma01,2017,1,TOR,AL,3,3,0,0,0,0,0,0,0,0,0,0,0,0,0,0,0
lavarry01,2017,1,OAK,AL,6,11,0,3,1,0,0,2,0,0,1,3,0,1,0,0,1
lawde01,2017,1,SFN,NL,41,0,0,0,0,0,0,0,0,0,0,0,0,0,0,0,0
lawreca01,2017,1,TOR,AL,4,1,0,0,0,0,0,0,0,0,0,0,0,0,1,0,0
lawreca01,2017,2,SEA,AL,23,1,0,0,0,0,0,0,0,0,0,1,0,0,0,0,0
layneto01,2017,1,NYA,AL,19,0,0,0,0,0,0,0,0,0,0,0,0,0,0,0,0
leakemi01,2017,1,SLN,NL,27,47,2,8,1,0,0,4,0,0,3,15,0,0,5,0,2
leakemi01,2017,2,SEA,AL,5,0,0,0,0,0,0,0,0,0,0,0,0,0,0,0,0
leathja01,2017,1,CHN,NL,1,0,0,0,0,0,0,0,0,0,0,0,0,0,0,0,0
leathja01,2017,2,PIT,NL,6,0,0,0,0,0,0,0,0,0,0,0,0,0,0,0,0
leblawa01,2017,1,PIT,NL,50,5,0,1,0,0,0,1,0,0,0,3,0,0,0,0,0
leclejo01,2017,1,TEX,AL,47,0,0,0,0,0,0,0,0,0,0,0,0,0,0,0,0
leeza01,2017,1,SDN,NL,3,3,0,0,0,0,0,0,0,0,0,0,0,0,0,0,0
leitema02,2017,1,PHI,NL,27,25,0,2,0,0,0,0,0,0,0,12,0,0,1,0,1
lemahdj01,2017,1,COL,NL,155,609,95,189,28,4,8,64,6,5,59,90,1,6,3,5,24
leonar02,2017,1,DET,AL,6,0,0,0,0,0,0,0,0,0,0,0,0,0,0,0,0
leonedo01,2017,1,TOR,AL,65,0,0,0,0,0,0,0,0,0,0,0,0,0,0,0,0
leonsa01,2017,1,BOS,AL,85,271,32,61,14,0,7,39,0,0,25,74,1,1,1,3,5
lestejo01,2017,1,CHN,NL,32,54,5,8,3,0,1,6,1,0,4,26,0,0,6,1,0
lewicar01,2017,1,DET,AL,4,0,0,0,0,0,0,0,0,0,0,0,0,0,0,0,0
liberad01,2017,1,LAN,NL,4,0,0,0,0,0,0,0,0,0,0,0,0,0,0,0,0
lindad01,2017,1,WAS,NL,116,267,39,81,14,0,14,59,1,0,28,47,5,0,0,6,6
lindbjo01,2017,1,PIT,NL,4,2,0,0,0,0,0,0,0,0,0,1,0,0,0,0,0
lindofr01,2017,1,CLE,AL,159,651,99,178,44,4,33,89,15,3,60,93,6,4,5,3,11
lintz01,2017,1,BOS,AL,25,56,7,15,0,2,0,2,1,1,9,17,0,0,1,0,0
liriafr01,2017,1,TOR,AL,18,0,0,0,0,0,0,0,0,0,0,0,0,0,0,0,0
liriafr01,2017,2,HOU,AL,20,0,0,0,0,0,0,0,0,0,0,0,0,0,0,0,0
liriary01,2017,1,CHA,AL,21,41,4,9,2,0,1,6,1,0,5,14,0,0,0,0,0
livelbe01,2017,1,PHI,NL,15,26,2,6,0,0,2,8,0,0,0,9,0,0,0,0,0
lloydky01,2017,1,SDN,NL,1,1,0,0,0,0,0,0,0,0,0,0,0,0,0,0,0
lobatjo01,2017,1,WAS,NL,51,141,11,24,3,0,4,11,0,0,14,35,1,1,1,1,5
locasti01,2017,1,LAN,NL,3,1,0,0,0,0,0,0,1,0,0,0,0,0,0,0,0
lockeje01,2017,1,MIA,NL,7,10,0,0,0,0,0,0,0,0,1,9,0,0,0,0,0
loganbo02,2017,1,CLE,AL,38,0,0,0,0,0,0,0,0,0,0,0,0,0,0,0,0
lombast02,2017,1,MIA,NL,2,8,0,0,0,0,0,0,0,0,0,2,0,0,0,0,0
longoev01,2017,1,TBA,AL,156,613,71,160,36,2,20,86,6,1,46,109,3,6,0,12,18
lopezjo02,2017,1,MIL,NL,1,0,0,0,0,0,0,0,0,0,0,0,0,0,0,0,0
lopezra02,2017,1,TOR,AL,24,54,9,12,1,0,4,12,0,0,7,21,0,0,0,1,1
lopezre01,2017,1,CHA,AL,8,0,0,0,0,0,0,0,0,0,0,0,0,0,0,0,0
lorenmi01,2017,1,CIN,NL,73,12,1,2,0,0,1,1,0,0,0,5,0,0,0,0,0
loupaa01,2017,1,TOR,AL,70,0,0,0,0,0,0,0,0,0,0,0,0,0,0,0,0
lowrije01,2017,1,OAK,AL,153,567,86,157,49,3,14,69,0,1,73,100,2,2,0,3,10
lucasjo02,2017,1,SLN,NL,5,0,0,0,0,0,0,0,0,0,0,0,0,0,0,0,0
lucrojo01,2017,1,TEX,AL,77,281,27,68,15,0,4,27,1,0,19,32,0,4,0,2,10
lucrojo01,2017,2,COL,NL,46,142,18,44,6,3,2,13,0,0,27,19,6,4,0,2,6
lugose01,2017,1,NYN,NL,20,29,4,4,2,0,1,2,0,0,0,10,0,0,5,0,1
luplojo01,2017,1,PIT,NL,27,78,6,16,3,1,3,11,0,1,6,22,0,2,0,1,4
lylesjo01,2017,1,COL,NL,33,5,0,1,0,0,0,0,0,0,0,3,0,0,0,0,0
lylesjo01,2017,2,SDN,NL,5,8,1,2,0,0,0,3,0,0,1,3,0,0,0,0,0
lynnla01,2017,1,SLN,NL,33,54,2,4,2,0,0,0,0,0,1,25,0,1,5,0,1
lyonsty01,2017,1,SLN,NL,50,1,0,0,0,0,0,0,0,0,1,1,0,0,0,0,0
machaan02,2017,1,KCA,AL,2,0,0,0,0,0,0,0,0,0,0,0,0,0,0,0,0
machadi01,2017,1,DET,AL,73,166,17,43,5,1,1,11,1,0,10,32,0,1,2,2,6
machama01,2017,1,BAL,AL,156,630,81,163,33,1,33,95,9,4,50,115,3,1,0,9,17
machije01,2017,1,SEA,AL,5,1,0,0,0,0,0,0,0,0,0,1,0,0,0,0,0
maddoau01,2017,1,BOS,AL,13,0,0,0,0,0,0,0,0,0,0,0,0,0,0,0,0
madsory01,2017,1,OAK,AL,40,0,0,0,0,0,0,0,0,0,0,0,0,0,0,0,0
madsory01,2017,2,WAS,NL,20,0,0,0,0,0,0,0,0,0,0,0,0,0,0,0,0
maedake01,2017,1,LAN,NL,30,39,2,5,1,0,0,4,0,0,0,3,0,0,5,0,1
magnida01,2017,1,LAA,AL,1,0,0,0,0,0,0,0,0,0,0,0,0,0,0,0,0
mahlety01,2017,1,CIN,NL,4,7,1,1,0,0,0,0,0,0,0,2,0,1,0,0,0
mahtomi01,2017,1,DET,AL,109,348,50,96,15,6,12,38,6,0,23,79,0,6,0,2,4
mailelu01,2017,1,TOR,AL,46,130,10,19,5,0,2,7,1,0,3,35,0,2,0,1,2
maldoma01,2017,1,LAA,AL,138,429,43,95,19,1,14,38,0,2,15,119,1,18,8,1,12
manaese01,2017,1,OAK,AL,29,3,0,0,0,0,0,0,0,0,1,2,0,0,1,0,0
mancitr01,2017,1,BAL,AL,147,543,65,159,26,4,24,78,1,0,33,139,1,6,0,4,12
manesse01,2017,1,KCA,AL,8,0,0,0,0,0,0,0,0,0,0,0,0,0,0,0,0
mapledi01,2017,1,CHN,NL,6,0,0,0,0,0,0,0,0,0,0,0,0,0,0,0,0
margoma01,2017,1,SDN,NL,126,487,53,128,18,7,13,39,17,7,35,106,0,2,1,4,6
marinjh01,2017,1,MIL,NL,15,2,0,0,0,0,0,0,0,0,0,1,0,0,0,0,0
marinjh01,2017,2,PIT,NL,24,4,0,1,1,0,0,0,0,0,0,3,0,0,0,0,0
marinjh01,2017,3,TEX,AL,4,0,0,0,0,0,0,0,0,0,0,0,0,0,0,0,0
marisja01,2017,1,HOU,AL,106,230,50,56,10,0,16,35,9,4,20,90,1,6,2,1,5
marjami01,2017,1,SEA,AL,5,9,1,3,1,0,1,1,0,0,0,1,0,0,0,0,0
markani01,2017,1,ATL,NL,160,593,76,163,39,1,8,76,0,2,68,110,8,6,0,3,16
marksju01,2017,1,TBA,AL,1,0,0,0,0,0,0,0,0,0,0,0,0,0,0,0,0
marquge01,2017,1,COL,NL,29,45,4,8,2,0,0,5,0,0,0,18,0,0,8,0,1
marrech01,2017,1,SFN,NL,15,38,2,5,0,0,1,5,0,0,2,9,0,0,0,1,4
marrede01,2017,1,BOS,AL,71,171,32,36,9,0,4,27,5,0,12,61,0,0,3,2,8
marshev01,2017,1,SEA,AL,6,0,0,0,0,0,0,0,0,0,0,0,0,0,0,0,0
martefr01,2017,1,HOU,AL,32,0,0,0,0,0,0,0,0,0,0,0,0,0,0,0,0
marteje01,2017,1,LAA,AL,45,127,10,22,5,0,4,14,1,0,13,34,0,4,0,1,2
marteke01,2017,1,ARI,NL,73,223,30,58,11,2,5,18,3,1,29,37,3,1,0,2,3
martest01,2017,1,PIT,NL,77,309,48,85,7,2,7,31,21,4,20,63,0,8,0,2,5
martica04,2017,1,SLN,NL,34,62,5,11,3,0,0,11,0,0,1,19,0,1,5,0,1
martico01,2017,1,SEA,AL,1,0,0,0,0,0,0,0,0,0,0,0,0,0,0,0,0
martijd02,2017,1,DET,AL,57,200,38,61,13,2,16,39,2,0,29,54,5,0,0,3,10
martijd02,2017,2,ARI,NL,62,232,47,70,13,1,29,65,2,0,24,74,3,0,0,1,13
martijo08,2017,1,SLN,NL,106,272,47,84,13,1,14,46,4,0,32,60,2,0,1,2,9
martiky01,2017,1,BOS,AL,2,0,0,0,0,0,0,0,0,0,0,0,0,0,0,0,0
martile01,2017,1,SEA,AL,34,115,12,20,2,1,3,8,6,4,5,29,1,2,0,0,2
martile01,2017,2,CHN,NL,15,13,2,2,1,0,0,1,1,0,3,4,0,0,0,0,0
martimi02,2017,1,CLE,AL,15,11,1,4,1,0,0,0,0,1,2,5,0,0,1,0,0
martimi02,2017,2,TBA,AL,13,26,1,2,0,0,0,0,0,0,3,10,0,0,0,0,0
martini01,2017,1,TEX,AL,23,1,0,0,0,0,0,0,0,0,1,1,0,0,0,0,0
martiru01,2017,1,TOR,AL,91,307,49,68,12,0,13,35,1,2,50,83,0,7,1,0,13
martivi01,2017,1,DET,AL,107,392,38,100,16,0,10,47,0,0,36,63,3,5,0,2,15
mathije01,2017,1,ARI,NL,60,186,13,40,10,2,2,11,1,0,14,61,1,2,1,0,6
matonph01,2017,1,SDN,NL,46,0,0,0,0,0,0,0,0,0,0,0,0,0,0,0,0
matzst01,2017,1,NYN,NL,17,21,1,3,0,0,0,1,0,0,0,7,0,0,3,0,0
mauerjo01,2017,1,MIN,AL,141,525,69,160,36,1,7,71,2,1,66,83,3,3,0,3,17
maurebr01,2017,1,SDN,NL,42,0,0,0,0,0,0,0,0,0,0,0,0,0,0,0,0
maurebr01,2017,2,KCA,AL,26,0,0,0,0,0,0,0,0,0,0,0,0,0,0,0,0
maxwebr01,2017,1,OAK,AL,76,219,21,52,12,0,3,22,0,0,31,63,0,0,1,2,10
maybica01,2017,1,LAA,AL,93,336,57,79,19,1,6,22,29,5,48,78,1,2,0,1,11
maybica01,2017,2,HOU,AL,21,59,6,11,1,1,4,13,4,3,3,16,0,0,1,0,1
mayermi01,2017,1,SLN,NL,3,0,0,0,0,0,0,0,0,0,0,0,0,0,0,0,0
mayja02,2017,1,CHA,AL,15,36,2,2,0,0,0,3,0,0,3,17,0,1,2,0,1
mayzati01,2017,1,TOR,AL,19,0,0,0,0,0,0,0,0,0,0,0,0,0,0,0,0
mazarno01,2017,1,TEX,AL,148,554,64,140,30,2,20,101,2,2,55,127,6,4,0,3,12
mazzoco01,2017,1,SDN,NL,6,0,0,0,0,0,0,0,0,0,0,0,0,0,0,0,0
mcallza01,2017,1,CLE,AL,50,0,0,0,0,0,0,0,0,0,0,0,0,0,0,0,0
mccanbr01,2017,1,HOU,AL,97,349,47,84,12,1,18,62,1,0,38,58,3,7,0,5,9
mccanja02,2017,1,DET,AL,106,352,39,89,14,2,13,49,1,0,26,89,0,9,1,3,8
mccarbr01,2017,1,LAN,NL,19,23,2,1,0,0,0,0,0,0,3,16,0,0,2,0,0
mccarke01,2017,1,KCA,AL,33,0,0,0,0,0,0,0,0,0,0,0,0,0,0,0,0
mcculla02,2017,1,HOU,AL,22,3,0,0,0,0,0,0,0,0,0,0,0,0,0,0,0
mccutan01,2017,1,PIT,NL,156,570,94,159,30,2,28,88,11,5,73,116,5,4,0,3,10
mcfartj01,2017,1,ARI,NL,43,5,0,1,0,0,0,0,0,0,0,3,0,0,0,0,0
mcgeeja01,2017,1,COL,NL,62,0,0,0,0,0,0,0,0,0,0,0,0,0,0,0,0
mcgowdu01,2017,1,MIA,NL,63,6,0,0,0,0,0,0,0,0,0,6,0,0,1,0,0
mcgowke01,2017,1,NYN,NL,8,0,0,0,0,0,0,0,0,0,0,0,0,0,0,0,0
mcgraky01,2017,1,SDN,NL,17,0,0,0,0,0,0,0,0,0,0,0,0,0,0,0,0
mcguide02,2017,1,CIN,NL,6,3,0,0,0,0,0,1,0,0,0,1,0,0,0,0,0
mchugco01,2017,1,HOU,AL,12,2,0,0,0,0,0,0,0,0,0,2,0,0,0,0,0
mcmahry01,2017,1,COL,NL,17,19,2,3,1,0,0,1,0,0,5,5,0,0,0,0,1
mejiaad01,2017,1,MIN,AL,21,0,0,0,0,0,0,0,0,0,0,0,0,0,0,0,0
mejiaal01,2017,1,SLN,NL,29,46,6,5,0,0,1,3,0,0,2,13,0,0,1,0,2
mejiafr01,2017,1,CLE,AL,11,13,1,2,0,0,0,1,0,0,1,3,1,0,0,0,0
melanma01,2017,1,SFN,NL,32,0,0,0,0,0,0,0,0,0,0,0,0,0,0,0,0
mellake01,2017,1,CIN,NL,2,0,0,0,0,0,0,0,0,0,0,0,0,0,0,0,0
melviti01,2017,1,MIN,AL,1,0,0,0,0,0,0,0,0,0,0,0,0,0,0,0,0
melviti01,2017,2,SDN,NL,2,0,0,0,0,0,0,0,0,0,0,0,0,0,0,0,0
mendeyo01,2017,1,TEX,AL,7,0,0,0,0,0,0,0,0,0,0,0,0,0,0,0,0
mengdda01,2017,1,OAK,AL,7,2,1,1,0,0,0,0,0,0,1,0,0,0,1,0,0
mercejo03,2017,1,PIT,NL,145,502,52,128,24,5,14,58,0,4,51,88,13,3,0,2,16
merriry01,2017,1,CLE,AL,5,0,0,0,0,0,0,0,0,0,0,0,0,0,0,0,0
merriwh01,2017,1,KCA,AL,145,587,80,169,32,6,19,78,34,8,29,88,0,6,1,7,13
mesorde01,2017,1,CIN,NL,56,141,17,30,5,1,6,14,1,0,18,38,0,5,0,1,4
meyeral01,2017,1,LAA,AL,13,2,0,1,0,0,0,0,0,0,0,1,0,0,0,0,0
middlke01,2017,1,LAA,AL,64,0,0,0,0,0,0,0,0,0,0,0,0,0,0,0,0
middlwi01,2017,1,TEX,AL,22,38,5,8,2,2,0,3,0,0,1,14,0,0,0,0,0
mileywa01,2017,1,BAL,AL,32,4,0,1,0,0,0,0,0,0,0,1,0,0,0,0,0
millean01,2017,1,CLE,AL,57,1,0,0,0,0,0,0,0,0,0,1,0,0,0,0,0
millebr02,2017,1,TBA,AL,110,338,43,68,13,3,9,40,5,3,63,110,4,2,0,4,5
millesh01,2017,1,ARI,NL,4,6,2,0,0,0,0,0,0,0,2,3,0,1,0,0,0
milneho01,2017,1,PHI,NL,37,2,0,0,0,0,0,0,0,0,0,2,0,0,0,0,0
milonto01,2017,1,MIL,NL,6,4,0,0,0,0,0,0,0,0,1,1,0,0,0,0,0
milonto01,2017,2,NYN,NL,11,5,0,1,0,0,0,1,0,0,1,4,0,0,1,0,0
minayju01,2017,1,CHA,AL,40,0,0,0,0,0,0,0,0,0,0,0,0,0,0,0,0
minormi01,2017,1,KCA,AL,65,0,0,0,0,0,0,0,0,0,0,0,0,0,0,0,0
minteaj01,2017,1,ATL,NL,16,0,0,0,0,0,0,0,0,0,0,0,0,0,0,0,0
miranar01,2017,1,SEA,AL,32,6,1,0,0,0,0,0,0,0,0,3,0,0,0,0,0
mitchbr01,2017,1,NYA,AL,20,0,0,0,0,0,0,0,0,0,0,0,0,0,0,0,0
molinya01,2017,1,SLN,NL,136,501,60,137,27,1,18,82,9,4,28,74,4,4,1,9,14
mollsa01,2017,1,OAK,AL,11,0,0,0,0,0,0,0,0,0,0,0,0,0,0,0,0
moncayo01,2017,1,CHA,AL,54,199,31,46,8,2,8,22,3,2,29,74,0,3,0,0,0
moncrca01,2017,1,SFN,NL,28,38,4,8,1,0,0,5,0,0,3,15,0,0,0,2,0
mondera02,2017,1,KCA,AL,25,53,4,9,1,0,1,3,5,2,3,22,0,0,4,0,2
montafr01,2017,1,OAK,AL,23,0,0,0,0,0,0,0,0,0,0,0,0,0,0,0,0
montemi01,2017,1,CHN,NL,44,98,12,28,3,0,4,8,1,0,11,24,1,2,0,1,3
montemi01,2017,2,TOR,AL,32,87,12,12,3,0,2,8,0,0,12,23,0,1,0,1,3
montera01,2017,1,NYN,NL,34,25,1,2,0,0,0,1,0,0,0,10,0,0,3,0,0
montgjo01,2017,1,NYA,AL,29,3,0,0,0,0,0,0,0,0,2,2,0,0,0,0,1
montgmi01,2017,1,CHN,NL,44,27,5,5,1,0,1,3,0,0,0,10,0,0,3,0,0
moorean02,2017,1,SEA,AL,11,0,0,0,0,0,0,0,0,0,0,0,0,0,0,0,0
moorema02,2017,1,SFN,NL,32,47,3,6,0,0,0,4,0,0,2,19,0,0,4,0,2
moorety01,2017,1,MIA,NL,104,187,17,43,14,0,6,30,0,0,10,56,0,1,1,4,7
moralke01,2017,1,TOR,AL,150,557,67,139,25,0,28,85,0,0,43,132,2,5,0,3,22
moranco01,2017,1,HOU,AL,7,11,3,4,0,1,1,3,0,0,1,1,0,0,0,0,0
morelmi01,2017,1,BOS,AL,149,508,73,125,34,0,22,79,0,1,57,120,6,6,0,5,14
morendi01,2017,1,TBA,AL,5,0,0,0,0,0,0,0,0,0,0,0,0,0,0,0,0
morgaad01,2017,1,PHI,NL,37,2,0,1,0,0,0,0,0,0,1,1,0,0,0,0,0
morinmi01,2017,1,LAA,AL,10,0,0,0,0,0,0,0,0,0,0,0,0,0,0,0,0
morinmi01,2017,2,KCA,AL,6,0,0,0,0,0,0,0,0,0,0,0,0,0,0,0,0
morofma01,2017,1,PIT,NL,56,120,19,24,4,1,3,21,0,1,16,43,0,2,1,1,0
moronre01,2017,1,SFN,NL,7,0,0,0,0,0,0,0,0,0,0,0,0,0,0,0,0
morriak01,2017,1,ATL,NL,8,0,0,0,0,0,0,0,0,0,0,0,0,0,0,0,0
morribr01,2017,1,SFN,NL,20,0,0,0,0,0,0,0,0,0,0,0,0,0,0,0,0
morrilo01,2017,1,TBA,AL,149,512,75,126,22,1,38,85,2,0,81,149,8,5,0,3,12
morrobr01,2017,1,LAN,NL,45,0,0,0,0,0,0,0,0,0,0,0,0,0,0,0,0
morsemi01,2017,1,SFN,NL,24,36,1,7,1,0,1,3,0,0,3,14,0,0,0,1,1
mortoch02,2017,1,HOU,AL,25,3,0,0,0,0,0,0,0,0,0,0,0,0,0,0,0
mossbr01,2017,1,KCA,AL,118,362,41,75,14,0,22,50,2,0,37,128,0,0,0,2,7
motteja01,2017,1,ATL,NL,46,0,0,0,0,0,0,0,0,0,0,0,0,0,0,0,0
motteta01,2017,1,SEA,AL,92,258,29,51,12,0,7,26,12,1,21,62,0,0,0,1,9
moustmi01,2017,1,KCA,AL,148,555,75,151,24,0,38,85,0,0,34,94,7,3,0,6,18
moyaga01,2017,1,MIN,AL,7,0,0,0,0,0,0,0,0,0,0,0,0,0,0,0,0
moylape01,2017,1,KCA,AL,79,0,0,0,0,0,0,0,0,0,0,0,0,0,0,0,0
mujiced01,2017,1,DET,AL,5,0,0,0,0,0,0,0,0,0,0,0,0,0,0,0,0
murphda08,2017,1,WAS,NL,144,534,94,172,43,3,23,93,2,0,52,77,14,4,0,3,16
murphjr01,2017,1,ARI,NL,5,7,0,1,1,0,0,1,0,0,0,1,0,0,0,0,1
murphto04,2017,1,COL,NL,12,24,1,1,1,0,0,1,0,0,2,9,1,0,0,0,0
musgrjo01,2017,1,HOU,AL,38,5,0,0,0,0,0,0,0,0,0,1,0,0,0,0,0
myerswi01,2017,1,SDN,NL,155,567,80,138,29,3,30,74,20,6,70,180,3,5,0,7,15
napolmi01,2017,1,TEX,AL,124,425,60,82,11,1,29,66,1,2,49,163,3,7,0,3,11
naquity01,2017,1,CLE,AL,19,37,4,8,2,0,0,1,0,1,2,9,0,0,0,1,1
narvaom01,2017,1,CHA,AL,90,253,23,70,10,0,2,14,0,0,38,45,1,1,3,0,8
navada01,2017,1,PHI,NL,80,183,21,55,8,1,4,21,1,0,26,38,0,3,0,2,2
navaref01,2017,1,DET,AL,23,61,9,14,1,1,2,2,0,1,8,21,1,0,0,0,1
nealza01,2017,1,OAK,AL,6,0,0,0,0,0,0,0,0,0,0,0,0,0,0,0,0
negrokr01,2017,1,ARI,NL,14,25,3,4,1,0,0,1,0,0,4,7,0,1,1,0,1
nelsoji02,2017,1,MIL,NL,29,57,0,6,0,0,0,2,0,0,1,35,0,0,2,0,0
nerishe01,2017,1,PHI,NL,74,0,0,0,0,0,0,0,0,0,0,0,0,0,0,0,0
neshepa01,2017,1,PHI,NL,43,0,0,0,0,0,0,0,0,0,0,0,0,0,0,0,0
neshepa01,2017,2,COL,NL,28,0,0,0,0,0,0,0,0,0,0,0,0,0,0,0,0
neverdo01,2017,1,PIT,NL,24,0,0,0,0,0,0,0,0,0,0,0,0,0,0,0,0
newcose01,2017,1,ATL,NL,19,27,1,1,0,0,0,0,0,0,2,17,0,0,6,0,1
ngoepgi01,2017,1,PIT,NL,28,54,10,12,2,1,0,6,0,0,8,26,0,0,1,0,0
nicasju01,2017,1,PIT,NL,65,0,0,0,0,0,0,0,0,0,0,0,0,0,0,0,0
nicasju01,2017,2,PHI,NL,2,0,0,0,0,0,0,0,0,0,0,0,0,0,0,0,0
nicasju01,2017,3,SLN,NL,9,1,0,0,0,0,0,0,0,0,0,0,0,0,0,0,0
nichobr01,2017,1,TEX,AL,22,63,7,15,4,0,2,11,0,0,2,13,0,0,0,0,2
nicolju01,2017,1,MIA,NL,20,11,0,0,0,0,0,0,0,0,0,2,0,0,2,0,0
nidoto01,2017,1,NYN,NL,5,10,0,3,1,0,0,3,0,0,0,2,0,0,0,0,0
nieuwki01,2017,1,MIL,NL,16,26,3,3,1,0,1,1,0,0,4,15,0,1,0,0,0
nimmobr01,2017,1,NYN,NL,69,177,26,46,11,1,5,21,2,0,33,60,1,2,1,2,3
nolaaa01,2017,1,PHI,NL,27,48,3,4,0,0,0,1,0,0,4,25,0,0,2,0,0
nolasri01,2017,1,LAA,AL,33,5,0,0,0,0,0,0,0,0,2,2,0,0,0,0,0
norribu01,2017,1,LAA,AL,60,0,0,0,0,0,0,0,0,0,0,0,0,0,0,0,0
norrida01,2017,1,DET,AL,22,0,0,0,0,0,0,0,0,0,0,0,0,0,0,0,0
norride01,2017,1,TBA,AL,53,179,21,36,5,0,9,24,1,0,12,48,0,3,0,4,5
novaiv01,2017,1,PIT,NL,31,51,0,1,0,0,0,0,0,0,0,31,0,0,9,0,0
nunezed02,2017,1,SFN,NL,76,302,37,93,21,0,4,31,18,5,12,29,0,1,1,2,8
nunezed02,2017,2,BOS,AL,38,165,23,53,12,0,8,27,6,2,6,25,0,2,0,0,3
nunezre01,2017,1,OAK,AL,8,15,1,3,0,0,1,3,0,0,1,8,0,0,0,0,0
nunovi01,2017,1,BAL,AL,12,1,0,0,0,0,0,0,0,0,0,0,0,0,0,0,0
obergsc01,2017,1,COL,NL,66,0,0,0,0,0,0,0,0,0,0,0,0,0,0,0,0
odayda01,2017,1,BAL,AL,64,0,0,0,0,0,0,0,0,0,0,0,0,0,0,0,0
odorija01,2017,1,TBA,AL,28,3,0,1,0,0,0,1,0,0,0,0,0,0,1,0,0
odorro01,2017,1,TEX,AL,162,607,79,124,21,3,30,75,15,6,32,162,5,8,0,4,13
oflaher01,2017,1,ATL,NL,22,0,0,0,0,0,0,0,0,0,0,0,0,0,0,0,0
ogradch01,2017,1,MIA,NL,13,8,0,0,0,0,0,0,0,0,0,5,0,0,1,0,0
ohlmami01,2017,1,TOR,AL,7,13,1,3,0,0,0,1,0,0,0,3,0,0,0,0,0
ohse01,2017,1,SLN,NL,62,0,0,0,0,0,0,0,0,0,0,0,0,0,0,0,0
okertst01,2017,1,SFN,NL,44,1,0,0,0,0,0,0,0,0,0,1,0,0,0,0,0
olsonma02,2017,1,OAK,AL,59,189,33,49,2,0,24,45,0,0,22,60,1,5,0,0,6
olsonty01,2017,1,CLE,AL,30,0,0,0,0,0,0,0,0,0,0,0,0,0,0,0,0
orlanpa01,2017,1,KCA,AL,39,86,9,17,3,0,2,6,1,1,1,20,0,2,0,0,3
ortizda02,2017,1,PIT,NL,9,12,1,1,0,0,0,0,0,0,1,1,0,0,0,0,0
osichjo01,2017,1,SFN,NL,54,0,0,0,0,0,0,0,0,0,0,0,0,0,0,0,0
osunajo01,2017,1,PIT,NL,104,215,31,50,13,4,7,30,0,0,9,40,0,2,0,1,10
osunaro01,2017,1,TOR,AL,66,0,0,0,0,0,0,0,0,0,0,0,0,0,0,0,0
oteroda01,2017,1,CLE,AL,52,0,0,0,0,0,0,0,0,0,0,0,0,0,0,0,0
ottavad01,2017,1,COL,NL,63,0,0,0,0,0,0,0,0,0,0,0,0,0,0,0,0
overtdi01,2017,1,SEA,AL,9,0,0,0,0,0,0,0,0,0,0,0,0,0,0,0,0
overtdi01,2017,2,SDN,NL,1,1,0,0,0,0,0,0,0,0,0,1,0,0,0,0,0
owingch01,2017,1,ARI,NL,97,362,41,97,25,1,12,51,12,2,17,87,0,1,2,4,3
ozunama01,2017,1,MIA,NL,159,613,93,191,30,2,37,124,1,3,64,144,4,0,0,2,18
paganem01,2017,1,SEA,AL,34,2,0,0,0,0,0,0,0,0,0,1,0,0,0,0,0
panikjo01,2017,1,SFN,NL,138,511,60,147,28,5,10,53,4,1,46,54,4,5,3,8,10
pareded01,2017,1,LAA,AL,18,0,0,0,0,0,0,0,0,0,0,0,0,0,0,0,0
pareded02,2017,1,LAN,NL,10,0,0,0,0,0,0,0,0,0,0,0,0,0,0,0,0
parkebl01,2017,1,LAA,AL,71,0,0,0,0,0,0,0,0,0,0,0,0,0,0,0,0
parkeja03,2017,1,SFN,NL,51,166,14,41,12,2,4,23,2,1,10,54,2,1,0,0,2
parmlia01,2017,1,TOR,AL,3,3,0,0,0,0,0,0,0,0,0,1,0,0,1,0,0
parrage01,2017,1,COL,NL,115,392,56,121,24,1,10,71,2,5,20,67,0,4,0,9,13
paulida01,2017,1,HOU,AL,6,0,0,0,0,0,0,0,0,0,0,0,0,0,0,0,0
paxtoja01,2017,1,SEA,AL,24,0,0,0,0,0,0,0,0,0,0,0,0,0,0,0,0
pazosja01,2017,1,SEA,AL,59,0,0,0,0,0,0,0,0,0,0,0,0,0,0,0,0
peacobr01,2017,1,HOU,AL,34,7,1,2,1,0,0,2,0,0,1,3,0,0,0,0,0
pearcst01,2017,1,TOR,AL,92,313,38,79,17,1,13,37,0,0,27,68,1,5,0,3,11
pederjo01,2017,1,LAN,NL,102,273,44,58,20,0,11,35,4,3,39,68,1,10,0,1,7
pedrodu01,2017,1,BOS,AL,105,406,46,119,19,0,7,62,4,3,49,48,4,2,2,4,11
pelfrmi01,2017,1,CHA,AL,34,0,0,0,0,0,0,0,0,0,0,0,0,0,0,0,0
penafe01,2017,1,CHN,NL,25,3,0,0,0,0,0,0,0,0,1,1,0,0,0,0,0
penafr01,2017,1,BAL,AL,5,10,3,5,0,0,2,2,0,0,0,3,0,0,0,0,0
pencehu01,2017,1,SFN,NL,134,493,55,128,13,5,13,67,2,3,40,102,1,2,0,4,8
pennicl01,2017,1,LAA,AL,87,194,23,49,6,0,3,21,3,1,16,58,0,1,1,5,2
peralda01,2017,1,ARI,NL,140,525,82,154,31,3,14,57,8,4,43,94,1,6,0,3,7
peraljh01,2017,1,SLN,NL,21,54,3,11,0,0,0,0,0,0,4,13,0,0,0,0,2
peralwa01,2017,1,CIN,NL,69,0,0,0,0,0,0,0,0,0,0,0,0,0,0,0,0
peralwi01,2017,1,MIL,NL,19,13,0,3,0,0,0,1,0,0,1,4,0,0,1,0,0
perazjo01,2017,1,CIN,NL,143,487,50,126,9,4,5,37,23,8,20,70,1,7,3,1,7
perdolu02,2017,1,SDN,NL,29,46,3,5,1,4,0,3,0,0,1,20,0,0,6,0,1
perezca02,2017,1,LAA,AL,11,20,1,2,0,0,1,3,0,0,1,6,0,0,0,0,0
perezhe01,2017,1,MIL,NL,136,432,47,112,19,3,14,51,13,4,20,79,1,0,2,4,8
perezma02,2017,1,TEX,AL,32,6,0,0,0,0,0,0,0,0,0,6,0,0,0,0,0
perezol01,2017,1,WAS,NL,50,0,0,0,0,0,0,0,0,0,0,0,0,0,0,0,0
perezro02,2017,1,CLE,AL,73,217,22,45,12,0,8,38,0,1,26,71,0,0,4,1,4
perezsa02,2017,1,KCA,AL,129,471,57,126,24,1,27,80,1,0,17,95,3,5,0,5,23
perkica01,2017,1,PHI,NL,42,88,9,16,5,0,1,8,0,0,5,23,0,2,0,2,1
perkigl01,2017,1,MIN,AL,8,0,0,0,0,0,0,0,0,0,0,0,0,0,0,0,0
peterdi01,2017,1,MIA,NL,6,9,1,0,0,0,0,0,0,0,0,8,0,0,2,0,0
peterja01,2017,1,ATL,NL,89,186,15,40,9,2,2,17,3,0,27,48,3,1,1,0,4
petersh01,2017,1,TBA,AL,30,79,9,20,5,0,2,11,2,0,5,21,0,2,0,1,2
petityu01,2017,1,LAA,AL,60,0,0,0,0,0,0,0,0,0,0,0,0,0,0,0,0
petrija01,2017,1,CHA,AL,27,0,0,0,0,0,0,0,0,0,0,0,0,0,0,0,0
phamth01,2017,1,SLN,NL,128,444,95,136,22,2,23,73,25,7,71,117,0,10,2,3,18
phegljo01,2017,1,OAK,AL,57,149,14,30,11,0,3,10,0,1,9,26,0,2,0,1,4
phelpda01,2017,1,MIA,NL,44,1,0,0,0,0,0,0,0,0,0,1,0,0,0,0,0
phelpda01,2017,2,SEA,AL,10,0,0,0,0,0,0,0,0,0,0,0,0,0,0,0,0
phillbr01,2017,1,ATL,NL,120,470,68,137,27,1,11,52,10,8,19,57,1,8,1,1,19
phillbr01,2017,2,LAA,AL,24,102,13,26,7,0,2,8,1,0,2,16,0,0,1,0,2
phillbr02,2017,1,MIL,NL,37,87,9,24,3,0,4,12,5,0,9,34,2,1,1,0,0
pillake01,2017,1,TOR,AL,154,587,72,150,37,1,16,42,15,6,33,95,0,6,3,3,13
pillty01,2017,1,NYN,NL,7,5,0,0,0,0,0,0,0,0,0,1,0,0,0,0,0
pinama01,2017,1,MIL,NL,107,330,45,92,21,0,9,43,2,0,20,79,0,5,1,3,8
pindech01,2017,1,OAK,AL,87,282,36,67,15,1,15,42,2,1,18,92,0,5,0,3,7
pinedmi01,2017,1,NYA,AL,17,3,0,1,0,0,0,0,0,0,0,2,0,0,1,0,0
pintori01,2017,1,PHI,NL,26,1,1,0,0,0,0,0,0,0,0,1,0,0,0,0,0
pireljo01,2017,1,SDN,NL,83,312,43,90,25,4,10,40,4,3,27,71,0,2,1,2,8
piscost01,2017,1,SLN,NL,107,341,40,80,16,1,9,39,3,6,52,87,2,5,0,3,11
pivetni01,2017,1,PHI,NL,26,44,3,3,0,0,0,0,0,0,0,21,0,0,4,0,1
plaweke01,2017,1,NYN,NL,37,100,11,26,5,0,3,13,1,0,14,17,2,3,0,1,2
plouftr01,2017,1,OAK,AL,58,182,22,39,5,0,7,14,1,1,16,58,1,0,0,1,10
plouftr01,2017,2,TBA,AL,42,101,9,17,2,0,2,5,0,1,12,30,1,1,0,0,2
polangr01,2017,1,PIT,NL,108,379,39,95,20,0,11,35,8,1,27,60,4,3,0,1,5
polanjo01,2017,1,MIN,AL,133,488,60,125,30,3,13,74,13,5,41,78,1,2,7,6,7
polloaj01,2017,1,ARI,NL,112,425,73,113,33,6,14,49,20,6,35,71,1,6,0,0,8
pomerdr01,2017,1,BOS,AL,32,1,0,0,0,0,0,0,0,0,0,1,0,0,0,0,0
porceri01,2017,1,BOS,AL,33,4,0,0,0,0,0,0,0,0,0,3,0,0,0,0,0
poseybu01,2017,1,SFN,NL,140,494,62,158,34,0,12,67,6,1,61,66,13,8,0,5,17
poundbr01,2017,1,LAA,AL,11,0,0,0,0,0,0,0,0,0,0,0,0,0,0,0,0
povsema01,2017,1,SEA,AL,3,0,0,0,0,0,0,0,0,0,0,0,0,0,0,0,0
powelbo02,2017,1,SEA,AL,23,36,6,7,0,0,0,2,0,0,6,9,0,0,1,0,1
powelbo02,2017,2,OAK,AL,29,81,18,26,5,0,3,10,0,1,9,21,0,0,0,2,1
pradoma01,2017,1,MIA,NL,37,140,13,35,9,0,2,12,0,0,6,22,0,0,0,1,4
preslal01,2017,1,DET,AL,71,245,30,77,10,3,3,20,5,0,15,49,0,0,3,0,5
pressry01,2017,1,MIN,AL,57,0,0,0,0,0,0,0,0,0,0,0,0,0,0,0,0
priceda01,2017,1,BOS,AL,16,1,0,1,0,0,0,0,0,0,0,0,0,0,0,0,0
profaju01,2017,1,TEX,AL,22,58,8,10,2,0,0,5,1,1,9,14,0,1,2,0,0
pruitau01,2017,1,TBA,AL,30,0,0,0,0,0,0,0,0,0,0,0,0,0,0,0,0
puellce01,2017,1,LAA,AL,1,4,0,1,0,0,0,1,2,0,0,1,0,0,0,0,0
puellce01,2017,2,TBA,AL,16,30,6,6,0,0,0,2,0,0,4,11,0,1,0,0,2
puigya01,2017,1,LAN,NL,152,499,72,131,24,2,28,74,15,6,64,100,8,2,0,5,21
pujolal01,2017,1,LAA,AL,149,593,53,143,17,0,23,101,3,0,37,93,5,2,0,4,26
putnaza01,2017,1,CHA,AL,7,0,0,0,0,0,0,0,0,0,0,0,0,0,0,0,0
quackke01,2017,1,SDN,NL,20,1,0,0,0,0,0,0,0,0,0,1,0,0,0,0,0
quallch01,2017,1,COL,NL,19,0,0,0,0,0,0,0,0,0,0,0,0,0,0,0,0
quintjo01,2017,1,CHA,AL,18,3,0,0,0,0,0,1,0,0,0,2,0,0,0,1,0
quintjo01,2017,2,CHN,NL,14,22,2,2,0,0,0,3,0,0,1,15,0,0,6,0,0
raburry01,2017,1,WAS,NL,25,65,7,17,1,2,2,6,0,1,4,25,0,0,0,0,1
ramirca01,2017,1,TOR,AL,12,0,0,0,0,0,0,0,0,0,0,0,0,0,0,0,0
ramirer02,2017,1,TBA,AL,26,0,0,0,0,0,0,0,0,0,0,0,0,0,0,0,0
ramirer02,2017,2,SEA,AL,11,3,0,2,0,0,0,1,0,0,0,1,0,0,0,0,0
ramirha01,2017,1,BOS,AL,133,496,58,120,24,0,23,62,1,3,51,116,8,6,0,0,15
ramirjc01,2017,1,LAA,AL,27,3,0,0,0,0,0,0,0,0,0,1,0,0,0,0,0
ramirjo01,2017,1,CLE,AL,152,585,107,186,56,6,29,83,17,5,52,69,5,3,0,5,13
ramirjo02,2017,1,ATL,NL,68,0,0,0,0,0,0,0,0,0,0,0,0,0,0,0,0
ramirne01,2017,1,SFN,NL,9,0,0,0,0,0,0,0,0,0,0,0,0,0,0,0,0
ramirne01,2017,2,NYN,NL,20,1,0,0,0,0,0,0,0,0,0,1,0,0,0,0,0
ramirno01,2017,1,BOS,AL,2,0,0,0,0,0,0,0,0,0,0,0,0,0,0,0,0
ramirno01,2017,2,LAA,AL,10,0,0,0,0,0,0,0,0,0,0,0,0,0,0,0,0
ramosaj01,2017,1,MIA,NL,40,0,0,0,0,0,0,0,0,0,0,0,0,0,0,0,0
ramosaj01,2017,2,NYN,NL,21,0,0,0,0,0,0,0,0,0,0,0,0,0,0,0,0
ramosed02,2017,1,PHI,NL,59,1,0,0,0,0,0,0,0,0,0,1,0,0,0,0,0
ramoswi01,2017,1,TBA,AL,64,208,19,54,6,0,11,35,0,0,10,36,2,0,0,3,11
rasmuco01,2017,1,TBA,AL,37,121,17,34,7,1,9,23,1,0,7,45,2,0,0,1,1
ravinjo01,2017,1,LAN,NL,14,1,0,0,0,0,0,0,0,0,0,0,0,0,1,0,0
rayro02,2017,1,ARI,NL,28,53,5,13,2,0,0,2,0,0,3,23,0,0,5,0,0
readra01,2017,1,WAS,NL,8,11,1,3,0,0,0,0,0,0,0,3,0,0,0,0,0
realmjt01,2017,1,MIA,NL,141,532,68,148,31,5,17,65,8,2,36,106,4,8,0,3,13
reckean01,2017,1,ATL,NL,6,7,1,1,0,0,0,0,0,0,0,1,0,0,0,0,1
reddijo01,2017,1,HOU,AL,134,477,77,150,34,4,13,82,7,3,43,72,1,0,1,12,9
reedad01,2017,1,NYN,NL,48,0,0,0,0,0,0,0,0,0,0,0,0,0,0,0,0
reedad01,2017,2,BOS,AL,29,0,0,0,0,0,0,0,0,0,0,0,0,0,0,0,0
reedaj01,2017,1,HOU,AL,2,6,0,0,0,0,0,0,0,0,0,1,0,0,0,0,0
reedco01,2017,1,CIN,NL,12,2,0,0,0,0,0,0,0,0,0,2,0,0,0,0,0
refsnro01,2017,1,NYA,AL,20,37,3,5,1,1,0,0,2,0,3,8,0,0,0,0,0
refsnro01,2017,2,TOR,AL,32,51,5,10,1,0,0,0,2,1,5,9,1,1,0,0,2
reinhja01,2017,1,ARI,NL,2,5,0,0,0,0,0,0,0,0,0,3,0,0,0,0,0
reiniza01,2017,1,DET,AL,10,0,0,0,0,0,0,0,0,0,0,0,0,0,0,0,0
rendoan01,2017,1,WAS,NL,147,508,81,153,41,1,25,100,7,2,84,82,6,7,0,6,7
renfrhu01,2017,1,SDN,NL,122,445,51,103,25,1,26,58,3,0,27,140,1,6,0,1,4
reverbe01,2017,1,LAA,AL,109,291,37,80,13,2,1,20,21,6,15,25,0,0,0,2,7
reyesjo01,2017,1,NYN,NL,145,501,75,123,25,7,15,58,24,6,50,79,1,2,5,3,3
reynoma01,2017,1,COL,NL,148,520,82,139,22,1,30,97,2,1,69,175,0,1,0,3,12
reynoma03,2017,1,NYN,NL,68,113,12,26,1,2,1,5,0,1,14,37,1,2,1,0,2
rhameja01,2017,1,NYN,NL,9,0,0,0,0,0,0,0,0,0,0,0,0,0,0,0,0
richacl01,2017,1,SDN,NL,32,57,2,7,1,0,1,4,0,0,1,31,0,2,8,0,0
richaga01,2017,1,LAA,AL,6,0,0,0,0,0,0,0,0,0,0,0,0,0,0,0,0
rickajo01,2017,1,BAL,AL,111,261,29,63,15,0,4,19,8,1,9,63,0,4,2,1,6
riddljt01,2017,1,MIA,NL,70,228,20,57,13,1,3,31,0,2,12,50,2,0,2,5,6
riosya01,2017,1,PHI,NL,13,1,0,0,0,0,0,0,0,0,0,1,0,0,0,0,0
riverfe01,2017,1,PIT,NL,73,0,0,0,0,0,0,0,0,0,0,0,0,0,0,0,0
riverre01,2017,1,NYN,NL,54,174,15,40,4,0,8,23,0,1,9,54,3,3,0,1,3
riverre01,2017,2,CHN,NL,20,44,8,15,5,0,2,12,0,0,5,16,0,0,1,0,1
rivertj01,2017,1,NYN,NL,73,214,27,62,13,1,5,27,1,0,9,32,0,5,1,2,4
riverya01,2017,1,MIL,NL,1,2,0,0,0,0,0,0,0,0,0,1,0,0,0,0,0
rizzoan01,2017,1,CHN,NL,157,572,99,156,32,3,32,109,10,4,91,90,11,24,0,4,21
roarkta01,2017,1,WAS,NL,32,55,1,5,1,0,0,0,0,0,1,22,0,0,7,0,1
roberda08,2017,1,CHA,AL,31,0,0,0,0,0,0,0,0,0,0,0,0,0,0,0,0
roberda08,2017,2,NYA,AL,30,0,0,0,0,0,0,0,0,0,0,0,0,0,0,0,0
roberda09,2017,1,CLE,AL,32,80,9,18,4,1,1,7,0,1,7,3,1,0,1,0,6
roberda10,2017,1,TBA,AL,75,218,22,45,7,2,5,19,1,1,29,73,0,4,1,2,5
robindr01,2017,1,TEX,AL,48,107,11,24,5,0,6,13,0,2,14,42,0,0,0,0,2
robinsh01,2017,1,LAA,AL,20,31,7,6,0,0,0,1,2,0,3,5,0,0,0,1,1
robleha01,2017,1,NYN,NL,46,0,0,0,0,0,0,0,0,0,0,0,0,0,1,0,0
roblevi01,2017,1,WAS,NL,13,24,2,6,1,2,0,4,0,1,0,6,0,2,1,0,2
rodnefe01,2017,1,ARI,NL,61,0,0,0,0,0,0,0,0,0,0,0,0,0,0,0,0
rodonca01,2017,1,CHA,AL,12,6,0,2,1,0,0,2,0,0,0,2,0,0,1,0,0
rodried05,2017,1,BOS,AL,25,7,0,0,0,0,0,0,0,0,0,2,0,0,0,0,0
rodrifr03,2017,1,DET,AL,28,0,0,0,0,0,0,0,0,0,0,0,0,0,0,0,0
rodrijo04,2017,1,PHI,NL,26,0,0,0,0,0,0,0,0,0,0,0,0,0,0,0,0
rodriri04,2017,1,TEX,AL,16,0,0,0,0,0,0,0,0,0,0,0,0,0,0,0,0
rodriri05,2017,1,BAL,AL,5,0,0,0,0,0,0,0,0,0,0,0,0,0,0,0,0
rodrise01,2017,1,ATL,NL,15,37,6,6,1,0,2,3,1,0,8,19,1,1,1,0,1
rodrise01,2017,2,PIT,NL,39,95,12,16,1,0,3,5,0,0,8,38,0,3,0,0,2
roech01,2017,1,ATL,NL,3,0,0,0,0,0,0,0,0,0,0,0,0,0,0,0,0
roech01,2017,2,TBA,AL,9,0,0,0,0,0,0,0,0,0,0,0,0,0,0,0,0
rogerta01,2017,1,MIN,AL,69,0,0,0,0,0,0,0,0,0,0,0,0,0,0,0,0
rojasmi02,2017,1,MIA,NL,90,272,37,79,16,2,1,26,2,1,27,32,5,4,1,2,6
romansa01,2017,1,CIN,NL,16,24,0,1,1,0,0,0,0,0,1,15,0,0,5,0,1
romeren01,2017,1,WAS,NL,53,1,0,0,0,0,0,0,0,0,0,1,0,0,0,0,0
rominan01,2017,1,DET,AL,124,318,45,74,17,2,4,25,6,4,22,67,0,4,2,2,7
rominau01,2017,1,NYA,AL,80,229,19,50,9,1,2,21,0,0,16,57,0,2,2,3,7
romose01,2017,1,LAN,NL,30,0,0,0,0,0,0,0,0,0,0,0,0,0,0,0,0
romose01,2017,2,TBA,AL,25,0,0,0,0,0,0,0,0,0,0,0,0,0,0,0,0
rondobr01,2017,1,DET,AL,21,0,0,0,0,0,0,0,0,0,0,0,0,0,0,0,0
rondohe01,2017,1,CHN,NL,61,2,0,1,0,0,0,0,0,0,0,0,0,0,0,0,0
rosalad01,2017,1,OAK,AL,71,205,15,48,11,0,4,27,1,1,10,66,0,2,3,3,2
rosalad01,2017,2,ARI,NL,34,84,10,17,5,0,3,9,0,1,1,34,1,2,1,1,4
rosaral01,2017,1,SLN,NL,3,3,0,0,0,0,0,0,0,0,0,1,0,0,0,0,1
rosaram01,2017,1,NYN,NL,46,165,16,41,4,4,4,10,7,3,3,49,0,2,0,0,3
rosared01,2017,1,MIN,AL,151,542,79,157,33,2,27,78,9,8,35,106,1,0,4,8,10
rosarra01,2017,1,MIN,AL,2,0,0,0,0,0,0,0,0,0,0,0,0,0,0,0,0
rosentr01,2017,1,SLN,NL,50,0,0,0,0,0,0,0,0,0,0,0,0,0,0,0,0
rosscza01,2017,1,CHN,NL,1,0,0,0,0,0,0,0,0,0,0,0,0,0,0,0,0
rosscza01,2017,2,COL,NL,9,0,0,0,0,0,0,0,0,0,0,0,0,0,0,0,0
rossjo01,2017,1,WAS,NL,20,33,1,6,2,0,0,1,0,0,1,16,0,0,3,0,1
rossro01,2017,1,BOS,AL,8,0,0,0,0,0,0,0,0,0,0,0,0,0,0,0,0
rossty01,2017,1,TEX,AL,12,0,0,0,0,0,0,0,0,0,0,0,0,0,0,0,0
rowlech01,2017,1,TOR,AL,6,0,0,0,0,0,0,0,0,0,0,0,0,0,0,0,0
ruary01,2017,1,TEX,AL,63,129,17,28,6,0,3,12,2,2,14,52,0,0,1,0,3
rucindr01,2017,1,MIN,AL,2,0,0,0,0,0,0,0,0,0,0,0,0,0,0,0,0
ruggiju01,2017,1,SFN,NL,19,60,2,13,1,0,2,4,1,1,1,17,0,1,0,1,0
ruizca01,2017,1,SEA,AL,54,125,14,27,8,0,3,11,1,0,14,38,0,4,1,1,4
ruizjo01,2017,1,SDN,NL,1,0,0,0,0,0,0,0,0,0,0,0,0,0,0,0,0
ruizri01,2017,1,ATL,NL,53,150,22,29,5,0,4,19,1,0,19,41,1,1,0,3,4
runzlda01,2017,1,PIT,NL,8,0,0,0,0,0,0,0,0,0,0,0,0,0,0,0,0
ruppca01,2017,1,PHI,NL,88,295,35,64,17,0,14,34,1,0,34,114,3,1,0,1,5
rusinch01,2017,1,COL,NL,60,9,1,3,0,0,0,0,0,0,0,3,0,0,1,0,0
russead02,2017,1,CHN,NL,110,352,52,84,21,3,12,43,2,1,29,91,5,4,0,0,5
rutlejo01,2017,1,BOS,AL,37,107,10,24,2,1,0,9,1,0,9,31,0,2,0,0,1
ryanky01,2017,1,DET,AL,8,0,0,0,0,0,0,0,0,0,0,0,0,0,0,0,0
ryuhy01,2017,1,LAN,NL,25,30,3,4,1,0,0,0,0,0,3,18,0,1,4,0,0
rzepcma01,2017,1,SEA,AL,64,0,0,0,0,0,0,0,0,0,0,0,0,0,0,0,0
sabatcc01,2017,1,NYA,AL,27,3,0,0,0,0,0,0,0,0,1,2,0,0,0,0,0
saladty01,2017,1,CHA,AL,79,253,23,45,9,2,0,10,5,4,23,67,0,3,2,0,5
salasfe01,2017,1,NYN,NL,48,2,0,1,0,0,0,0,0,0,0,1,0,0,0,0,0
salasfe01,2017,2,LAA,AL,13,0,0,0,0,0,0,0,0,0,0,0,0,0,0,0,0
salazda01,2017,1,CLE,AL,23,0,0,0,0,0,0,0,0,0,0,0,0,0,0,0,0
salech01,2017,1,BOS,AL,32,3,0,1,1,0,0,0,0,0,0,1,0,0,0,0,0
saltaja01,2017,1,TOR,AL,10,25,1,1,0,0,0,0,0,0,1,16,0,0,0,0,0
samarje01,2017,1,SFN,NL,35,64,3,6,2,0,1,2,0,0,0,25,0,0,3,0,0
sanchaa01,2017,1,TOR,AL,8,0,0,0,0,0,0,0,0,0,0,0,0,0,0,0,0
sanchad01,2017,1,WAS,NL,34,71,6,19,7,0,0,11,0,2,1,25,0,1,2,0,2
sanchan01,2017,1,DET,AL,28,2,0,0,0,0,0,0,0,0,0,1,0,0,0,0,0
sanchan03,2017,1,PIT,NL,8,1,0,0,0,0,0,0,0,0,0,0,0,0,0,0,0
sanchca01,2017,1,CHA,AL,141,484,63,129,19,8,12,59,8,9,35,111,2,4,7,4,10
sanchga02,2017,1,NYA,AL,122,471,79,131,20,0,33,90,2,1,40,120,1,10,0,4,9
sanchhe01,2017,1,SDN,NL,75,137,14,30,4,0,8,25,0,0,5,41,1,0,0,1,4
sanchto01,2017,1,ATL,NL,1,1,0,0,0,0,0,0,0,0,0,1,0,0,0,0,0
sandopa01,2017,1,BOS,AL,32,99,10,21,2,0,4,12,0,1,8,24,0,0,0,1,4
sandopa01,2017,2,SFN,NL,47,160,17,36,9,0,5,20,0,0,8,29,0,1,0,2,7
sanomi01,2017,1,MIN,AL,114,424,75,112,15,2,28,77,0,0,54,173,5,4,0,1,12
santaan02,2017,1,BAL,AL,13,30,1,8,3,0,0,2,0,0,0,8,0,0,0,1,0
santaca01,2017,1,CLE,AL,154,571,90,148,37,3,23,79,5,1,88,94,6,6,0,2,11
santada01,2017,1,MIN,AL,13,25,3,5,1,0,1,1,1,0,1,8,0,0,0,0,1
santada01,2017,2,ATL,NL,69,143,16,29,9,2,3,22,6,0,7,33,1,1,1,0,2
santado01,2017,1,MIL,NL,151,525,88,146,29,0,30,85,15,4,73,178,2,6,0,3,12
santaed01,2017,1,PIT,NL,19,0,0,0,0,0,0,0,0,0,0,0,0,0,0,0,0
santaer01,2017,1,MIN,AL,33,10,3,2,1,0,0,5,0,0,0,3,0,0,0,0,0
santihe01,2017,1,MIN,AL,15,0,0,0,0,0,0,0,0,0,0,0,0,0,0,0,0
santolu01,2017,1,TOR,AL,10,0,0,0,0,0,0,0,0,0,0,0,0,0,0,0,0
sardilu01,2017,1,SDN,NL,29,49,3,8,0,0,0,1,1,0,4,11,0,0,0,0,1
saundmi01,2017,1,PHI,NL,61,200,25,41,9,2,6,20,0,1,13,51,2,1,0,0,2
saundmi01,2017,2,TOR,AL,12,18,1,3,0,0,0,1,0,0,2,4,0,0,0,0,0
saupowa01,2017,1,DET,AL,45,0,0,0,0,0,0,0,0,0,0,0,0,0,0,0,0
scahiro01,2017,1,MIL,NL,18,1,0,0,0,0,0,0,0,0,0,1,0,0,0,0,0
schebsc01,2017,1,CIN,NL,141,473,63,110,25,2,30,67,5,3,39,125,5,14,0,5,7
schepta01,2017,1,TEX,AL,5,0,0,0,0,0,0,0,0,0,0,0,0,0,0,0,0
scherma01,2017,1,WAS,NL,31,62,4,10,0,0,1,5,0,0,4,16,0,0,6,0,0
schimry01,2017,1,SDN,NL,53,165,24,26,2,0,14,25,0,0,27,70,0,3,0,2,0
schoojo01,2017,1,BAL,AL,160,622,92,182,35,0,32,105,1,0,35,142,0,11,0,7,20
schugaj01,2017,1,PIT,NL,32,1,0,0,0,0,0,0,0,0,1,0,0,0,0,0,0
schwaky01,2017,1,CHN,NL,129,422,67,89,16,1,30,59,1,1,59,150,1,5,0,0,6
scottro02,2017,1,BOS,AL,57,0,0,0,0,0,0,0,0,0,0,0,0,0,0,0,0
scottta01,2017,1,BAL,AL,2,0,0,0,0,0,0,0,0,0,0,0,0,0,0,0,0
scribev01,2017,1,SEA,AL,8,0,0,0,0,0,0,0,0,0,0,0,0,0,0,0,0
scribtr01,2017,1,LAA,AL,10,0,0,0,0,0,0,0,0,0,0,0,0,0,0,0,0
seageco01,2017,1,LAN,NL,145,539,85,159,33,0,22,77,4,2,67,131,5,4,0,3,14
seageky01,2017,1,SEA,AL,154,578,72,144,33,1,27,88,2,1,58,110,6,8,0,6,6
segedro01,2017,1,LAN,NL,13,20,3,4,2,0,0,1,0,0,0,7,0,0,0,0,0
segurje01,2017,1,SEA,AL,125,524,80,157,30,2,11,45,22,8,34,83,3,6,0,1,14
selskst01,2017,1,BOS,AL,8,9,0,1,1,0,0,0,0,0,0,5,0,0,0,0,0
semiema01,2017,1,OAK,AL,85,342,53,85,19,1,10,40,12,1,38,85,0,2,1,3,3
senzaan01,2017,1,COL,NL,36,32,1,4,1,0,0,5,0,0,0,20,0,0,7,0,0
severlu01,2017,1,NYA,AL,31,5,1,1,0,0,0,0,0,0,0,1,0,0,0,0,0
severpe01,2017,1,WAS,NL,17,29,0,5,1,0,0,3,0,0,2,10,1,0,0,0,0
sewalpa01,2017,1,NYN,NL,57,2,0,0,0,0,0,0,0,0,0,1,0,0,0,0,0
shackke01,2017,1,CIN,NL,26,3,0,1,0,0,0,0,0,0,0,1,0,0,0,0,0
shawbr01,2017,1,CLE,AL,79,0,0,0,0,0,0,0,0,0,0,0,0,0,0,0,0
shawtr01,2017,1,MIL,NL,144,538,84,147,34,1,31,101,10,0,60,138,6,4,1,3,20
sherfji01,2017,1,ARI,NL,11,0,0,0,0,0,0,0,0,0,0,0,0,0,0,0,0
sherrry01,2017,1,SLN,NL,13,0,0,0,0,0,0,0,0,0,0,0,0,0,0,0,0
shielja02,2017,1,CHA,AL,21,0,0,0,0,0,0,0,0,0,0,0,0,0,0,0,0
shiplbr01,2017,1,ARI,NL,10,6,0,0,0,0,0,0,0,0,0,2,0,0,0,0,0
shoemma01,2017,1,LAA,AL,14,2,0,0,0,0,0,0,0,0,0,1,0,0,0,0,0
shrevch01,2017,1,NYA,AL,44,2,0,0,0,0,0,0,0,0,0,1,0,0,0,0,0
siegrke01,2017,1,SLN,NL,39,0,0,0,0,0,0,0,0,0,0,0,0,0,0,0,0
siegrke01,2017,2,PHI,NL,7,0,0,0,0,0,0,0,0,0,0,0,0,0,0,0,0
sierrma01,2017,1,SLN,NL,22,60,10,19,0,0,0,5,2,2,4,14,0,0,0,0,0
simmoan01,2017,1,LAA,AL,158,589,77,164,38,2,14,69,19,6,47,67,0,3,0,8,20
simmosh01,2017,1,SEA,AL,9,0,0,0,0,0,0,0,0,0,0,0,0,0,0,0,0
simslu01,2017,1,ATL,NL,14,15,1,1,0,0,0,0,0,0,0,8,0,0,3,0,0
sippto01,2017,1,HOU,AL,46,1,0,0,0,0,0,0,0,0,0,0,0,0,0,0,0
siscoch01,2017,1,BAL,AL,10,18,3,6,2,0,2,4,0,0,3,7,0,1,0,0,0
skaggty01,2017,1,LAA,AL,16,1,0,0,0,0,0,0,0,0,0,1,0,0,0,0,0
skogler01,2017,1,KCA,AL,7,0,0,0,0,0,0,0,0,0,0,0,0,0,0,0,0
slanida01,2017,1,SFN,NL,1,0,0,0,0,0,0,0,0,0,0,0,0,0,0,0,0
slateau01,2017,1,SFN,NL,34,117,15,33,3,1,3,16,0,0,8,29,0,2,0,0,3
slegeaa01,2017,1,MIN,AL,4,0,0,0,0,0,0,0,0,0,0,0,0,0,0,0,0
smithca02,2017,1,BOS,AL,8,0,0,0,0,0,0,0,0,0,0,0,0,0,0,0,0
smithca03,2017,1,NYA,AL,9,0,0,0,0,0,0,0,0,0,0,0,0,0,0,0,0
smithch07,2017,1,OAK,AL,14,1,0,0,0,0,0,0,0,0,0,0,0,0,0,0,0
smithch09,2017,1,TOR,AL,4,0,0,0,0,0,0,0,0,0,0,0,0,0,0,0,0
smithdo02,2017,1,NYN,NL,49,167,17,33,6,0,9,26,0,0,14,49,0,1,0,1,5
smithdw02,2017,1,TOR,AL,12,27,2,10,2,0,0,1,1,0,1,10,0,1,0,0,0
smithjo05,2017,1,TOR,AL,38,0,0,0,0,0,0,0,0,0,0,0,0,0,0,0,0
smithjo05,2017,2,CLE,AL,21,0,0,0,0,0,0,0,0,0,0,0,0,0,0,0,0
smithjo07,2017,1,OAK,AL,26,0,0,0,0,0,0,0,0,0,0,0,0,0,0,0,0
smithke04,2017,1,CHA,AL,87,276,23,78,17,0,4,30,0,0,9,46,0,3,2,3,9
smithma05,2017,1,TBA,AL,81,256,33,69,8,4,2,12,16,5,23,62,0,0,2,1,2
smithse01,2017,1,BAL,AL,111,330,50,85,19,0,13,32,2,0,36,79,3,6,0,1,7
smithty01,2017,1,SEA,AL,10,16,2,3,1,0,0,1,0,0,1,8,0,1,0,1,0
smoakju01,2017,1,TOR,AL,158,560,85,151,29,1,38,90,0,1,73,128,3,2,0,2,17
smokejo01,2017,1,NYN,NL,54,3,0,0,0,0,0,0,0,0,0,2,0,0,0,0,0
smolija01,2017,1,OAK,AL,16,27,1,7,1,0,0,0,0,0,1,6,0,1,0,0,0
snellbl01,2017,1,TBA,AL,24,5,0,0,0,0,0,0,0,0,1,1,0,0,1,0,0
socolmi01,2017,1,SLN,NL,15,1,0,0,0,0,0,0,0,0,0,0,0,0,0,0,0
sogarer01,2017,1,MIL,NL,94,249,37,68,15,1,3,18,3,3,45,37,2,4,1,0,7
solarya01,2017,1,SDN,NL,128,466,49,119,21,0,18,64,3,0,37,61,4,5,0,4,18
solerjo01,2017,1,KCA,AL,35,97,7,14,5,0,2,6,0,0,12,36,1,1,0,0,5
solissa01,2017,1,WAS,NL,30,0,0,0,0,0,0,0,0,0,0,0,0,0,0,0,0
soriajo01,2017,1,KCA,AL,59,0,0,0,0,0,0,0,0,0,0,0,0,0,0,0,0
sotoge01,2017,1,CHA,AL,13,42,5,8,0,0,3,9,0,0,4,10,0,1,0,1,2
souzast01,2017,1,TBA,AL,148,523,78,125,21,2,30,78,16,4,84,179,2,7,2,1,9
spande01,2017,1,SFN,NL,129,497,73,135,31,5,12,43,12,7,40,69,0,3,1,1,11
spangco01,2017,1,SDN,NL,129,444,57,117,18,2,13,46,11,3,34,128,1,5,2,1,2
sparkgl01,2017,1,TOR,AL,2,0,0,0,0,0,0,0,0,0,0,0,0,0,0,0,0
springe01,2017,1,HOU,AL,140,548,112,155,29,0,34,85,5,7,64,111,1,11,0,4,11
stallja01,2017,1,PIT,NL,5,14,3,5,2,0,0,3,0,0,2,2,1,0,0,0,0
stammcr01,2017,1,SDN,NL,60,6,2,3,1,0,0,0,0,0,2,2,0,0,0,0,0
stanery01,2017,1,TBA,AL,21,0,0,0,0,0,0,0,0,0,0,0,0,0,0,0,0
stantmi03,2017,1,MIA,NL,159,597,123,168,32,0,59,132,2,2,85,163,13,7,0,3,13
stassbr01,2017,1,PHI,NL,51,78,6,13,2,1,2,7,0,0,12,22,0,0,0,0,3
stassma01,2017,1,HOU,AL,14,24,5,4,1,0,2,4,0,0,6,4,0,0,0,1,2
steckdr01,2017,1,MIA,NL,37,0,0,0,0,0,0,0,0,0,0,0,0,0,0,0,0
stephja01,2017,1,CIN,NL,7,6,1,2,0,0,0,2,0,0,0,2,0,0,0,0,0
stephro01,2017,1,CIN,NL,26,23,1,1,0,0,0,0,0,0,0,15,0,0,2,0,1
stevean01,2017,1,WAS,NL,37,57,5,9,2,0,0,1,1,0,7,20,0,0,2,0,0
stewabr01,2017,1,LAN,NL,17,4,0,1,0,0,0,1,0,0,0,2,0,0,1,0,0
stewach01,2017,1,PIT,NL,51,131,8,24,1,2,0,4,0,0,9,22,1,1,3,0,3
storedr01,2017,1,CIN,NL,58,1,0,0,0,0,0,0,0,0,0,0,0,0,0,0,0
storytr01,2017,1,COL,NL,145,503,68,120,32,3,24,82,7,2,49,191,4,2,0,1,12
strahma01,2017,1,KCA,AL,24,0,0,0,0,0,0,0,0,0,0,0,0,0,0,0,0
straida01,2017,1,MIA,NL,33,55,2,4,1,0,0,1,0,0,1,33,0,0,8,0,1
strasst01,2017,1,WAS,NL,28,54,5,7,0,0,2,3,0,0,2,14,0,0,4,0,0
stratch01,2017,1,SFN,NL,13,14,1,2,0,0,0,0,0,0,0,3,0,0,2,0,0
streehu01,2017,1,LAA,AL,4,0,0,0,0,0,0,0,0,0,0,0,0,0,0,0,0
strichu01,2017,1,SFN,NL,68,0,0,0,0,0,0,0,0,0,0,0,0,0,0,0,0
stripro01,2017,1,LAN,NL,51,9,2,0,0,0,0,0,0,0,0,4,0,0,0,0,0
stromma01,2017,1,TOR,AL,34,7,2,2,1,0,1,1,0,0,0,4,0,0,0,0,0
stroppe01,2017,1,CHN,NL,69,1,0,0,0,0,0,0,0,0,0,0,0,0,0,0,0
stubbdr01,2017,1,SFN,NL,10,22,0,2,0,0,0,0,0,0,2,9,0,0,0,0,0
stumpda01,2017,1,DET,AL,55,0,0,0,0,0,0,0,0,0,0,0,0,0,0,0,0
suareal01,2017,1,SFN,NL,18,2,0,0,0,0,0,0,0,0,0,0,0,0,0,0,0
suareeu01,2017,1,CIN,NL,156,534,87,139,25,2,26,82,4,5,84,147,1,9,0,5,16
sucreje01,2017,1,TBA,AL,63,176,20,45,6,0,7,29,2,0,7,35,0,3,2,4,6
susacan01,2017,1,MIL,NL,8,12,0,1,0,0,0,0,0,0,0,6,0,0,0,0,0
suterbr01,2017,1,MIL,NL,23,18,1,3,0,0,0,1,0,0,0,8,0,1,2,0,0
suzukic01,2017,1,MIA,NL,136,196,19,50,6,0,3,20,1,1,17,35,1,1,1,0,2
suzukku01,2017,1,ATL,NL,81,276,38,78,13,0,19,50,0,0,17,39,2,13,1,2,5
swansda01,2017,1,ATL,NL,144,488,59,113,23,2,6,51,3,3,59,120,10,0,0,4,7
swarzan01,2017,1,CHA,AL,41,0,0,0,0,0,0,0,0,0,0,0,0,0,0,0,0
swarzan01,2017,2,MIL,NL,29,0,0,0,0,0,0,0,0,0,0,0,0,0,0,0,0
swihabl01,2017,1,BOS,AL,6,5,1,1,0,0,0,0,0,0,2,3,0,0,0,0,0
syndeno01,2017,1,NYN,NL,7,9,0,2,0,0,0,0,0,0,3,5,0,0,1,0,0
szczuma01,2017,1,CHN,NL,15,19,2,4,1,0,0,3,0,0,2,4,0,0,1,1,0
szczuma01,2017,2,SDN,NL,104,176,26,40,11,2,3,15,0,2,32,40,0,4,2,0,2
taijetr01,2017,1,NYN,NL,26,52,3,9,2,0,1,3,0,0,5,24,0,2,0,0,1
taillja01,2017,1,PIT,NL,25,38,2,6,0,0,0,0,0,0,0,15,0,0,5,0,2
tanakma01,2017,1,NYA,AL,30,2,0,0,0,0,0,0,0,0,0,2,0,0,1,0,0
tapiara01,2017,1,COL,NL,70,160,27,46,12,2,2,16,5,2,8,36,1,2,1,0,3
tauchmi01,2017,1,COL,NL,31,27,2,6,0,1,0,2,1,2,5,10,0,0,0,0,1
taylobe03,2017,1,BOS,AL,14,0,0,0,0,0,0,0,0,0,0,0,0,0,0,0,0
tayloch03,2017,1,LAN,NL,140,514,85,148,34,5,21,72,17,4,50,142,0,3,0,1,2
taylomi02,2017,1,WAS,NL,118,399,55,108,23,3,19,53,17,7,29,137,3,1,1,2,3
tazawju01,2017,1,MIA,NL,55,1,0,0,0,0,0,0,0,0,0,0,0,0,0,0,0
teherju01,2017,1,ATL,NL,37,57,4,8,0,0,0,6,0,0,1,17,0,1,12,1,0
tejadru01,2017,1,BAL,AL,41,113,17,26,6,0,0,5,0,0,8,15,0,2,1,0,6
telisto01,2017,1,MIA,NL,48,104,13,25,5,3,0,9,0,0,3,10,0,3,0,1,1
teperry01,2017,1,TOR,AL,73,1,0,0,0,0,0,0,0,0,0,1,0,0,0,0,0
tepesni01,2017,1,MIN,AL,1,0,0,0,0,0,0,0,0,0,0,0,0,0,0,0,0
tepesni01,2017,2,TOR,AL,3,2,0,0,0,0,0,0,0,0,0,2,0,0,0,0,0
thameer01,2017,1,MIL,NL,138,469,83,116,26,4,31,63,4,2,75,163,5,7,0,0,6
therrje01,2017,1,PHI,NL,15,2,0,0,0,0,0,0,0,0,0,2,0,0,0,0,0
thompja03,2017,1,PHI,NL,12,12,1,2,1,0,0,0,0,0,1,5,0,0,1,0,0
thomptr01,2017,1,LAN,NL,27,49,6,6,2,1,1,2,0,0,6,23,1,0,0,0,0
tillmch01,2017,1,BAL,AL,24,0,0,0,0,0,0,0,0,0,0,0,0,0,0,0,0
tolesan01,2017,1,LAN,NL,31,96,17,26,3,0,5,15,0,1,5,16,0,1,0,0,3
tollias01,2017,1,HOU,AL,3,0,0,0,0,0,0,0,0,0,0,0,0,0,0,0,0
tomasya01,2017,1,ARI,NL,47,166,19,40,11,1,8,32,0,0,13,50,0,0,0,1,2
tomlijo01,2017,1,CLE,AL,26,7,0,1,0,0,0,0,0,0,0,3,0,0,0,0,0
tomlike01,2017,1,SFN,NL,104,194,32,50,4,2,1,11,9,1,23,46,2,0,2,3,8
tonkimi01,2017,1,MIN,AL,16,0,0,0,0,0,0,0,0,0,0,0,0,0,0,0,0
torreca01,2017,1,MIL,NL,67,0,0,0,0,0,0,0,0,0,0,0,0,0,0,0,0
torrejo02,2017,1,SDN,NL,62,1,1,1,0,0,0,0,0,0,0,0,0,0,0,0,0
torrelu01,2017,1,SDN,NL,56,123,7,20,3,1,0,7,0,0,12,30,3,1,3,0,4
torrera01,2017,1,KCA,AL,33,74,9,18,3,0,0,4,1,0,4,12,0,1,0,0,1
torrero01,2017,1,NYA,AL,108,315,35,92,15,1,3,36,2,0,11,43,0,1,5,4,9
travide01,2017,1,TOR,AL,50,185,22,48,18,0,5,24,4,2,7,38,0,2,1,2,5
travisa01,2017,1,BOS,AL,33,76,13,20,6,0,0,1,1,0,6,23,0,1,0,0,2
treinbl01,2017,1,WAS,NL,37,0,0,0,0,0,0,0,0,0,0,0,0,0,0,0,0
treinbl01,2017,2,OAK,AL,35,0,0,0,0,0,0,0,0,0,0,0,0,0,0,0,0
triggan01,2017,1,OAK,AL,12,0,0,0,0,0,0,0,0,0,0,0,0,0,0,0,0
troutmi01,2017,1,LAA,AL,114,402,92,123,25,3,33,72,22,4,94,90,15,7,0,4,8
trumbma01,2017,1,BAL,AL,146,559,79,131,22,0,23,65,1,0,42,149,0,1,0,1,13
tsengje01,2017,1,CHN,NL,2,1,0,0,0,0,0,1,0,0,0,0,0,0,0,0,0
tuivasa01,2017,1,SLN,NL,37,0,0,0,0,0,0,0,0,0,0,0,0,0,0,0,0
tulowtr01,2017,1,TOR,AL,66,241,16,60,10,0,7,26,0,1,17,40,1,1,0,1,10
turleni01,2017,1,MIN,AL,10,2,0,0,0,0,0,0,0,0,0,0,0,0,0,0,0
turneja01,2017,1,WAS,NL,18,5,0,0,0,0,0,0,0,0,1,2,0,0,2,0,0
turneju01,2017,1,LAN,NL,130,457,72,147,32,0,21,71,7,1,59,56,5,19,1,7,12
turnest01,2017,1,CIN,NL,37,82,4,11,3,0,2,7,0,0,5,22,0,0,1,1,5
turnetr01,2017,1,WAS,NL,98,412,75,117,24,6,11,45,46,8,30,80,0,4,0,1,4
ueharko01,2017,1,CHN,NL,49,0,0,0,0,0,0,0,0,0,0,0,0,0,0,0,0
uptonju01,2017,1,DET,AL,125,459,81,128,37,0,28,94,10,5,57,147,2,3,0,1,6
uptonju01,2017,2,LAA,AL,27,98,19,24,7,0,7,15,4,0,17,33,1,0,0,0,3
urenajo01,2017,1,MIA,NL,36,48,3,5,1,0,0,2,0,0,0,28,0,0,8,0,0
urenari01,2017,1,TOR,AL,21,68,6,14,4,0,1,4,1,0,6,28,0,0,1,0,0
uriasju01,2017,1,LAN,NL,5,6,0,1,0,0,0,0,0,0,0,4,0,0,1,0,0
urshegi01,2017,1,CLE,AL,67,156,14,35,7,0,1,15,0,0,8,22,0,0,1,0,6
utleych01,2017,1,LAN,NL,127,309,43,73,20,4,8,34,6,1,32,57,0,9,1,2,3
valaipa01,2017,1,COL,NL,110,182,28,47,11,0,13,40,0,0,7,53,0,0,5,1,1
valbulu01,2017,1,LAA,AL,117,347,42,69,15,0,22,65,0,2,48,106,1,1,0,5,6
valdece01,2017,1,OAK,AL,4,0,0,0,0,0,0,0,0,0,0,0,0,0,0,0,0
valdece01,2017,2,TOR,AL,7,0,0,0,0,0,0,0,0,0,0,0,0,0,0,0,0
valdejo03,2017,1,LAA,AL,1,0,0,0,0,0,0,0,0,0,0,0,0,0,0,0,0
valdejo03,2017,2,SDN,NL,13,0,0,0,0,0,0,0,0,0,0,0,0,0,0,0,0
valenda01,2017,1,SEA,AL,130,450,54,115,19,3,15,66,2,2,40,122,0,2,0,8,16
valerbr01,2017,1,SLN,NL,5,10,0,1,0,0,0,0,0,0,1,0,0,0,0,0,0
vanslsc01,2017,1,LAN,NL,29,41,6,5,1,0,2,3,1,0,7,15,1,0,0,0,0
vargail01,2017,1,ARI,NL,12,13,4,4,1,0,0,4,0,0,0,3,0,0,0,0,1
vargaja01,2017,1,KCA,AL,32,4,0,1,0,0,0,0,0,0,0,1,0,0,0,0,0
vargake01,2017,1,MIN,AL,78,241,33,61,13,0,11,41,0,0,20,77,1,2,0,1,10
vazquch01,2017,1,BOS,AL,99,324,43,94,18,2,5,32,7,2,17,64,0,3,0,1,14
velasvi01,2017,1,PHI,NL,16,24,1,6,0,0,0,1,0,0,1,4,0,0,0,0,1
velazhe01,2017,1,BOS,AL,8,1,0,0,0,0,0,0,0,0,0,0,0,0,0,0,0
verdual01,2017,1,LAN,NL,15,23,1,4,0,0,1,1,0,1,2,4,0,0,0,0,1
verhadr01,2017,1,DET,AL,24,0,0,0,0,0,0,0,0,0,0,0,0,0,0,0,0
verlaju01,2017,1,DET,AL,28,6,0,1,0,0,0,1,0,0,0,4,0,0,0,0,0
verlaju01,2017,2,HOU,AL,5,0,0,0,0,0,0,0,0,0,0,0,0,0,0,0,0
verrelo01,2017,1,BAL,AL,4,0,0,0,0,0,0,0,0,0,0,0,0,0,0,0,0
vieirth01,2017,1,SEA,AL,1,0,0,0,0,0,0,0,0,0,0,0,0,0,0,0,0
villach01,2017,1,SDN,NL,12,32,5,11,1,0,4,7,0,0,0,10,0,0,0,0,0
villajo01,2017,1,MIL,NL,122,403,49,97,18,1,11,40,23,8,30,132,1,0,2,1,4
vinceni01,2017,1,SEA,AL,69,0,0,0,0,0,0,0,0,0,0,0,0,0,0,0,0
vinceza01,2017,1,CIN,NL,9,9,2,1,0,0,0,0,0,0,1,5,0,2,0,0,0
vizcaar01,2017,1,ATL,NL,62,0,0,0,0,0,0,0,0,0,0,0,0,0,0,0,0
vogelda01,2017,1,SEA,AL,16,28,0,6,1,0,0,2,0,0,3,9,0,0,0,0,2
vogtst01,2017,1,OAK,AL,54,157,12,34,8,1,4,20,0,1,16,31,1,0,0,1,1
vogtst01,2017,2,MIL,NL,45,122,13,31,7,0,8,20,0,0,5,25,0,0,1,1,1
voitlu01,2017,1,SLN,NL,62,114,18,28,9,0,4,18,0,0,7,31,0,3,0,0,4
volqued01,2017,1,MIA,NL,17,26,0,5,0,0,0,1,0,0,1,11,0,0,2,1,0
volstch01,2017,1,CHA,AL,6,0,0,0,0,0,0,0,0,0,0,0,0,0,0,0,0
vottojo01,2017,1,CIN,NL,162,559,106,179,34,1,36,100,5,1,134,83,20,8,0,6,16
wachami01,2017,1,SLN,NL,30,46,3,2,0,0,0,3,0,0,1,22,0,0,7,1,2
wadety01,2017,1,NYA,AL,30,58,7,9,4,0,0,2,1,1,5,19,0,0,0,0,2
wahlbo01,2017,1,OAK,AL,7,0,0,0,0,0,0,0,0,0,0,0,0,0,0,0,0
wainwad01,2017,1,SLN,NL,26,42,7,11,2,0,2,11,0,0,1,15,0,0,7,0,2
walkech02,2017,1,ARI,NL,11,12,2,3,1,0,2,2,0,0,1,5,0,2,0,0,0
walkene01,2017,1,NYN,NL,73,265,40,70,13,2,10,36,0,1,27,47,1,4,1,2,4
walkene01,2017,2,MIL,NL,38,120,19,32,8,0,4,13,0,1,28,30,1,1,0,0,5
walketa01,2017,1,ARI,NL,28,52,6,12,1,0,1,5,0,0,1,19,0,0,1,0,1
wallach01,2017,1,CIN,NL,6,11,0,1,0,0,0,0,0,0,0,5,0,0,0,0,0
wangwe01,2017,1,MIL,NL,8,0,0,0,0,0,0,0,0,0,0,0,0,0,0,0,0
warread01,2017,1,NYA,AL,46,0,0,0,0,0,0,0,0,0,0,0,0,0,0,0,0
washida01,2017,1,BAL,AL,3,6,0,0,0,0,0,0,0,0,0,5,0,0,0,0,0
watsoto01,2017,1,PIT,NL,47,1,0,0,0,0,0,0,0,0,0,1,0,0,0,0,0
watsoto01,2017,2,LAN,NL,24,0,0,0,0,0,0,0,0,0,0,0,0,0,0,0,0
weaveje02,2017,1,SDN,NL,9,10,0,0,0,0,0,0,0,0,0,6,0,0,0,0,1
weavelu01,2017,1,SLN,NL,15,19,2,3,0,0,0,1,0,0,1,9,0,0,3,0,0
webbty01,2017,1,NYA,AL,7,0,0,0,0,0,0,0,0,0,0,0,0,0,0,0,0
webbty01,2017,2,MIL,NL,2,0,0,0,0,0,0,0,0,0,0,0,0,0,0,0,0
weberry01,2017,1,SEA,AL,1,0,0,0,0,0,0,0,0,0,0,0,0,0,0,0,0
weeksri01,2017,1,TBA,AL,37,97,13,21,6,0,2,8,1,0,12,49,0,3,0,0,0
wendljo01,2017,1,OAK,AL,8,13,3,4,1,0,1,5,0,0,1,3,1,0,0,0,0
werthja01,2017,1,WAS,NL,70,252,35,57,10,1,10,29,4,3,35,69,1,1,0,1,4
whalero01,2017,1,SEA,AL,2,0,0,0,0,0,0,0,0,0,0,0,0,0,0,0,0
wheelja01,2017,1,MIN,AL,2,0,0,0,0,0,0,0,0,0,0,0,0,0,0,0,0
wheelza01,2017,1,NYN,NL,18,27,1,2,1,0,0,0,0,0,1,12,0,0,1,0,0
whitety01,2017,1,HOU,AL,22,61,7,17,6,0,3,10,0,1,4,16,0,1,0,1,0
whitlch01,2017,1,TBA,AL,41,0,0,0,0,0,0,0,0,0,0,0,0,0,0,0,0
wietema01,2017,1,WAS,NL,123,422,43,95,20,0,10,52,1,0,38,94,4,1,0,4,14
wilheto01,2017,1,ARI,NL,27,1,0,0,0,0,0,0,0,0,0,1,0,0,0,0,0
wilkad01,2017,1,NYN,NL,1,1,0,0,0,0,0,0,0,0,0,0,0,0,0,0,0
wilkad01,2017,2,MIN,AL,3,0,0,0,0,0,0,0,0,0,0,0,0,0,0,0,0
wilkeaa01,2017,1,MIL,NL,3,4,0,0,0,0,0,0,0,0,0,1,0,0,0,0,0
willima07,2017,1,NYA,AL,5,16,3,4,0,0,0,1,2,0,1,2,0,0,0,0,0
willima08,2017,1,SFN,NL,28,68,8,16,2,0,3,6,1,1,5,25,1,0,0,0,2
willini01,2017,1,PHI,NL,83,313,45,90,14,4,12,55,1,2,20,97,0,6,0,4,8
willita01,2017,1,MIL,NL,5,0,0,0,0,0,0,0,0,0,0,0,0,0,0,0,0
willitr01,2017,1,PIT,NL,31,41,1,2,0,0,0,0,0,0,2,17,0,0,4,0,1
wilsoal01,2017,1,DET,AL,66,0,0,0,0,0,0,0,0,0,0,0,0,0,0,0,0
wilsoju10,2017,1,DET,AL,42,0,0,0,0,0,0,0,0,0,0,0,0,0,0,0,0
wilsoju10,2017,2,CHN,NL,23,0,0,0,0,0,0,0,0,0,0,0,0,0,0,0,0
wilsoty01,2017,1,BAL,AL,9,0,0,0,0,0,0,0,0,0,0,0,0,0,0,0,0
wimmeal01,2017,1,MIN,AL,6,0,0,0,0,0,0,0,0,0,0,0,0,0,0,0,0
winkeje01,2017,1,CIN,NL,47,121,21,36,7,0,7,15,1,1,15,24,0,0,1,0,2
winklda01,2017,1,ATL,NL,16,0,0,0,0,0,0,0,0,0,0,0,0,0,0,0,0
wislema01,2017,1,ATL,NL,20,2,0,0,0,0,0,0,0,0,0,0,0,0,1,0,0
wittgni01,2017,1,MIA,NL,38,4,0,0,0,0,0,0,0,0,0,1,0,0,0,0,0
wojcias01,2017,1,CIN,NL,25,14,0,1,0,0,0,0,0,0,0,11,0,0,0,0,0
wolteto01,2017,1,COL,NL,83,229,30,55,8,1,0,16,0,1,33,55,9,2,2,0,9
wongko01,2017,1,SLN,NL,108,354,55,101,27,3,4,42,8,2,41,60,11,12,1,3,4
woodal02,2017,1,LAN,NL,27,52,1,3,0,0,0,4,0,0,2,29,0,0,4,0,1
woodbl01,2017,1,CIN,NL,55,1,0,0,0,0,0,0,0,0,0,1,0,0,0,0,0
woodbl01,2017,2,LAA,AL,17,0,0,0,0,0,0,0,0,0,0,0,0,0,0,0,0
woodhu01,2017,1,TBA,AL,1,0,0,0,0,0,0,0,0,0,0,0,0,0,0,0,0
woodrbr01,2017,1,MIL,NL,8,10,2,2,0,0,0,0,0,0,1,2,0,0,1,0,0
woodtr01,2017,1,KCA,AL,28,1,0,0,0,0,0,0,0,0,0,0,0,0,0,0,1
woodtr01,2017,2,SDN,NL,12,17,3,4,0,0,2,6,0,0,0,7,0,0,0,0,0
workmbr01,2017,1,BOS,AL,33,0,0,0,0,0,0,0,0,0,0,0,0,0,0,0,0
worleva01,2017,1,MIA,NL,26,22,0,4,0,0,0,3,0,0,0,8,0,0,5,0,1
wrighda04,2017,1,LAA,AL,5,0,0,0,0,0,0,0,0,0,0,0,0,0,0,0,0
wrighmi01,2017,1,BAL,AL,13,0,0,0,0,0,0,0,0,0,0,0,0,0,0,0,0
wrighst01,2017,1,BOS,AL,5,0,0,0,0,0,0,0,0,0,0,0,0,0,0,0,0
yacabji01,2017,1,BAL,AL,14,2,0,0,0,0,0,1,0,0,0,1,0,0,0,0,0
yateski01,2017,1,LAA,AL,1,0,0,0,0,0,0,0,0,0,0,0,0,0,0,0,0
yateski01,2017,2,SDN,NL,61,0,0,0,0,0,0,0,0,0,0,0,0,0,0,0,0
yelicch01,2017,1,MIA,NL,156,602,100,170,36,2,18,81,16,2,80,137,4,6,0,6,13
ynoaga01,2017,1,BAL,AL,9,1,0,0,0,0,0,0,0,0,0,0,0,0,0,0,0
ynoami01,2017,1,CHA,AL,22,0,0,0,0,0,0,0,0,0,0,0,0,0,0,0,0
youngch03,2017,1,KCA,AL,14,0,0,0,0,0,0,0,0,0,0,0,0,0,0,0,0
youngch04,2017,1,BOS,AL,90,243,30,57,12,2,7,25,3,2,30,55,0,2,0,1,4
younger03,2017,1,LAA,AL,47,110,24,29,5,0,4,16,12,3,5,31,0,7,3,0,0
zagunma01,2017,1,CHN,NL,7,14,0,0,0,0,0,1,2,0,4,6,0,0,0,0,0
zastrro01,2017,1,CHN,NL,4,3,0,1,0,0,0,0,0,0,0,0,0,0,0,0,0
zieglbr01,2017,1,MIA,NL,53,0,0,0,0,0,0,0,0,0,0,0,0,0,0,0,0
zimmebr01,2017,1,CLE,AL,101,299,41,72,15,2,8,39,18,1,26,99,1,4,0,3,5
zimmejo02,2017,1,DET,AL,29,6,0,1,0,0,0,0,0,0,0,1,0,0,0,0,0
zimmery01,2017,1,WAS,NL,144,524,90,159,33,0,36,108,1,0,44,126,1,3,0,5,16
zobribe01,2017,1,CHN,NL,128,435,58,101,20,3,12,50,2,2,54,71,2,2,2,3,13
zuninmi01,2017,1,SEA,AL,124,387,52,97,25,0,25,64,1,0,39,160,0,8,0,1,8
zychto01,2017,1,SEA,AL,45,0,0,0,0,0,0,0,0,0,0,0,0,0,0,0,0
